{
  "status": 1,
  "total_cnt": "1853",
  "page": 1,
  "offset": 20,
  "data": [
    {
      "idx": "6053",
      "title": "Searching for Novel Master ",
      "linkurl": "",
      "big_ingimg": "",
      "ingimg": "",
      "show_type": "android",
      "event_type": "normal",
      "comment": "",
      "cnt_read": "32",
      "chk_link": "n",
      "chk_html": "y",
      "notice": "",
      "chk_notice": "n",
      "chk_comment_person": "n",
      "is_comment": "n",
      "s_date": "20210216090000",
      "e_date": "20210216085959"
    },
    {
      "idx": "6052",
      "title": "태성프로님 링크 테스트",
      "linkurl": "",
      "big_ingimg": "",
      "ingimg": "",
      "show_type": "android",
      "event_type": "normal",
      "comment": "",
      "cnt_read": "124",
      "chk_link": "n",
      "chk_html": "y",
      "notice": "",
      "chk_notice": "n",
      "chk_comment_person": "n",
      "is_comment": "n",
      "s_date": "20210215110000",
      "e_date": "20220215105959"
    },
    {
      "idx": "6050",
      "title": "믿고보는 거북이는 거북거북 연재해",
      "linkurl": "",
      "big_ingimg": "",
      "ingimg": "http://cf.joara.com/event_file/20210210_141747.jpg",
      "show_type": "android",
      "event_type": "normal",
      "comment": "",
      "cnt_read": "26",
      "chk_link": "n",
      "chk_html": "y",
      "notice": "",
      "chk_notice": "n",
      "chk_comment_person": "n",
      "is_comment": "n",
      "s_date": "20210210120000",
      "e_date": "20210210115959"
    },
    {
      "idx": "6048",
      "title": "뜨거운 선물세트 ⑲호❤︎",
      "linkurl": "",
      "big_ingimg": "",
      "ingimg": "http://cf.joara.com/event_file/20210210_150523.jpg",
      "show_type": "android",
      "event_type": "normal",
      "comment": "",
      "cnt_read": "26",
      "chk_link": "n",
      "chk_html": "y",
      "notice": "",
      "chk_notice": "n",
      "chk_comment_person": "n",
      "is_comment": "n",
      "s_date": "20210210100000",
      "e_date": "20210210095959"
    },
    {
      "idx": "6047",
      "title": "테스트",
      "linkurl": "",
      "big_ingimg": "",
      "ingimg": "",
      "show_type": "android",
      "event_type": "normal",
      "comment": "테스테",
      "cnt_read": "9",
      "chk_link": "n",
      "chk_html": "y",
      "notice": "",
      "chk_notice": "n",
      "chk_comment_person": "",
      "is_comment": "n",
      "s_date": "20210208140000",
      "e_date": "20210208165959"
    },
    {
      "idx": "6044",
      "title": "헌터키우기x메모라이즈 콜라보 (후)",
      "linkurl": "",
      "big_ingimg": "",
      "ingimg": "http://cf.joara.com/event_file/20210204_104940.jpg",
      "show_type": "android",
      "event_type": "normal",
      "comment": "",
      "cnt_read": "14",
      "chk_link": "n",
      "chk_html": "y",
      "notice": "",
      "chk_notice": "n",
      "chk_comment_person": "n",
      "is_comment": "n",
      "s_date": "20210204100000",
      "e_date": "20220204095959"
    },
    {
      "idx": "6042",
      "title": "헌터키우기x메모라이즈 콜라보 (전)",
      "linkurl": "",
      "big_ingimg": "",
      "ingimg": "http://cf.joara.com/event_file/20210204_104220.jpg",
      "show_type": "android",
      "event_type": "normal",
      "comment": "",
      "cnt_read": "39",
      "chk_link": "n",
      "chk_html": "y",
      "notice": "",
      "chk_notice": "n",
      "chk_comment_person": "n",
      "is_comment": "n",
      "s_date": "20210204100000",
      "e_date": "20220204095959"
    },
    {
      "idx": "6040",
      "title": "아람프로님 링크 테스트",
      "linkurl": "",
      "big_ingimg": "",
      "ingimg": "",
      "show_type": "android",
      "event_type": "normal",
      "comment": "",
      "cnt_read": "167",
      "chk_link": "n",
      "chk_html": "y",
      "notice": "",
      "chk_notice": "n",
      "chk_comment_person": "n",
      "is_comment": "n",
      "s_date": "20210203100000",
      "e_date": "20210203095959"
    },
    {
      "idx": "6038",
      "title": "당신의 새해를 축하합니다",
      "linkurl": "",
      "big_ingimg": "",
      "ingimg": "http://cf.joara.com/event_file/20210202_153138.jpg",
      "show_type": "android",
      "event_type": "normal",
      "comment": "당신의 웃음을 위한 10일간의 설 이벤트",
      "cnt_read": "17",
      "chk_link": "n",
      "chk_html": "y",
      "notice": "",
      "chk_notice": "n",
      "chk_comment_person": "n",
      "is_comment": "n",
      "s_date": "20210202150000",
      "e_date": "20220202145959"
    },
    {
      "idx": "6032",
      "title": "나 이런거 좋아했네",
      "linkurl": "",
      "big_ingimg": "",
      "ingimg": "http://cf.joara.com/event_file/20210128_120858.jpg",
      "show_type": "android",
      "event_type": "normal",
      "comment": "",
      "cnt_read": "23",
      "chk_link": "n",
      "chk_html": "y",
      "notice": "",
      "chk_notice": "n",
      "chk_comment_person": "n",
      "is_comment": "n",
      "s_date": "20210128120000",
      "e_date": "20210128115959"
    },
    {
      "idx": "5953",
      "title": "R-19 Romance❤︎",
      "linkurl": "",
      "big_ingimg": "",
      "ingimg": "http://cf.joara.com/event_file/20210113_134119.jpg",
      "show_type": "android",
      "event_type": "normal",
      "comment": "",
      "cnt_read": "105",
      "chk_link": "n",
      "chk_html": "y",
      "notice": "",
      "chk_notice": "n",
      "chk_comment_person": "n",
      "is_comment": "n",
      "s_date": "20210113130000",
      "e_date": "20210113125959"
    },
    {
      "idx": "5950",
      "title": "판타지 명작극장",
      "linkurl": "",
      "big_ingimg": "",
      "ingimg": "http://cf.joara.com/event_file/20201229_145453.jpg",
      "show_type": "android",
      "event_type": "normal",
      "comment": "새해 필독서 어서 읽으소!",
      "cnt_read": "72",
      "chk_link": "n",
      "chk_html": "y",
      "notice": "",
      "chk_notice": "n",
      "chk_comment_person": "n",
      "is_comment": "n",
      "s_date": "20201229140000",
      "e_date": "20211229135959"
    },
    {
      "idx": "5948",
      "title": "<스물네개의 심장> 게임 오픈",
      "linkurl": "",
      "big_ingimg": "",
      "ingimg": "http://cf.joara.com/event_file/20201229_145131.jpg",
      "show_type": "android",
      "event_type": "normal",
      "comment": "",
      "cnt_read": "39",
      "chk_link": "n",
      "chk_html": "y",
      "notice": "",
      "chk_notice": "n",
      "chk_comment_person": "n",
      "is_comment": "n",
      "s_date": "20201229140000",
      "e_date": "20211229135959"
    },
    {
      "idx": "5945",
      "title": "묻지마 살인범의 칼에 찔려 죽은 줄 알았더니, 이세계로 전생을?! 전생했더니 슬라임이었던 건에 대하여 ",
      "linkurl": "",
      "big_ingimg": "",
      "ingimg": "http://cf.joara.com/event_file/20201223_163801.jpg",
      "show_type": "android",
      "event_type": "normal",
      "comment": "#슬라임 #전생판타지 #환생",
      "cnt_read": "30",
      "chk_link": "n",
      "chk_html": "y",
      "notice": "",
      "chk_notice": "n",
      "chk_comment_person": "n",
      "is_comment": "n",
      "s_date": "20201223160000",
      "e_date": "20211223155959"
    },
    {
      "idx": "5943",
      "title": "해피 메리 꾸금 데이♥",
      "linkurl": "",
      "big_ingimg": "",
      "ingimg": "http://cf.joara.com/event_file/20201223_151406.jpg",
      "show_type": "android",
      "event_type": "normal",
      "comment": "",
      "cnt_read": "25",
      "chk_link": "n",
      "chk_html": "y",
      "notice": "",
      "chk_notice": "n",
      "chk_comment_person": "n",
      "is_comment": "n",
      "s_date": "20201223140000",
      "e_date": "20211223135959"
    },
    {
      "idx": "5939",
      "title": "누구나 한 번쯤, 상상하는 던전 하렘",
      "linkurl": "",
      "big_ingimg": "",
      "ingimg": "http://cf.joara.com/event_file/20201214_160405.jpg",
      "show_type": "android",
      "event_type": "normal",
      "comment": "#던만추 #판타지 #던전하렘",
      "cnt_read": "43",
      "chk_link": "n",
      "chk_html": "y",
      "notice": "",
      "chk_notice": "n",
      "chk_comment_person": "n",
      "is_comment": "n",
      "s_date": "20201214160000",
      "e_date": "20211214155959"
    },
    {
      "idx": "5938",
      "title": "그대여 뭘 망설이나요",
      "linkurl": "",
      "big_ingimg": "",
      "ingimg": "http://cf.joara.com/event_file/20201210_170508.jpg",
      "show_type": "android",
      "event_type": "normal",
      "comment": "",
      "cnt_read": "10",
      "chk_link": "n",
      "chk_html": "y",
      "notice": "",
      "chk_notice": "n",
      "chk_comment_person": "n",
      "is_comment": "n",
      "s_date": "20201210170000",
      "e_date": "20211210175958"
    },
    {
      "idx": "5935",
      "title": "야쿠자의 손녀 x 야쿠자의 손자 나를 가장 사랑하는 남자는, 세상에서 가장 위험한 남자",
      "linkurl": "",
      "big_ingimg": "",
      "ingimg": "http://cf.joara.com/event_file/20201209_092829.jpg",
      "show_type": "android",
      "event_type": "normal",
      "comment": "#내세남남 #정략결혼 #야쿠자 #나쁜남자",
      "cnt_read": "10",
      "chk_link": "n",
      "chk_html": "y",
      "notice": "",
      "chk_notice": "n",
      "chk_comment_person": "n",
      "is_comment": "n",
      "s_date": "20201209090000",
      "e_date": "20211209085959"
    },
    {
      "idx": "5931",
      "title": "판타지 명작극장",
      "linkurl": "",
      "big_ingimg": "",
      "ingimg": "http://cf.joara.com/event_file/20201130_163054.jpg",
      "show_type": "android",
      "event_type": "normal",
      "comment": "판무 덕후 필독서 소환!",
      "cnt_read": "21",
      "chk_link": "n",
      "chk_html": "y",
      "notice": "",
      "chk_notice": "n",
      "chk_comment_person": "n",
      "is_comment": "n",
      "s_date": "20201130160000",
      "e_date": "20211130155959"
    },
    {
      "idx": "5924",
      "title": "쉬지않고 레벨업: 헌터키우기마스터",
      "linkurl": "",
      "big_ingimg": "",
      "ingimg": "http://cf.joara.com/event_file/20201127_141728.jpg",
      "show_type": "android",
      "event_type": "normal",
      "comment": "",
      "cnt_read": "78",
      "chk_link": "n",
      "chk_html": "y",
      "notice": "",
      "chk_notice": "n",
      "chk_comment_person": "n",
      "is_comment": "n",
      "s_date": "20201127140000",
      "e_date": "20211127135959"
    }
  ]
}