{
  "status": 1,
  "total_cnt": "758",
  "page": 1,
  "offset": 20,
  "books": [
    {
      "book_code": "1518667",
      "showcostcategory": "1222",
      "category": "22",
      "sub_category": "22",
      "subject": "나에게만 순종하는 짐승",
      "intro": "동굴에 갇혔다. 휴대폰은 사라진 지 오래고 바깥엔 폭설로 인해 한 발자국도 나갈 수 없다.\r\n\r\n사람을 한입에 꿀꺽 삼켜도 아무렇지 않을 늑대와 함께.\r\n\r\n#수인남주#수면간#수간주의#노팅#동물과친화력만렙여주\r\n\r\n*\r\n\r\n“흐으…….”\r\n\r\n비부를 만지는 손길에 지안의 얼굴이 눈물로 얼룩졌다. 쾌락에 벌벌 떠는 몸은 착실하게 굵은 손가락을 삼켰다.\r\n\r\n“왜 그래?”\r\n\r\n그가 웃음을 흘렸다.\r\n\r\n“낮에 그랬던 것처럼 귀여워 해봐.”\r\n\r\n머릴 쓰다듬고 엉덩일 토닥였던 것처럼. 루이스의 말에 지안의 얼굴이 새빨갛게 달아올랐다.\r\n\r\n“그, 그건 네가 귀여운 모습일 때고.”\r\n“그게 귀여워?”\r\n\r\n루이스가 코웃음을 쳤다. 그 모습이 귀엽다라. 날카로운 발톱과 툭 삐져나온 이빨을 보며 귀엽다고 한 사람은 지안이 유일무이할 것이다.\r\n\r\n“그럼 이것도 귀여워할 수 있겠네.”\r\n\r\n그는 잔뜩 성난 제 것을 잡고 반쯤 벌어져 뻐끔거리는 입구에 첨단을 비볐다.\r\n\r\n-표지는 재규어님 커미션\r\n-트위터: @Briana5947\r\n-이메일: mhb8558@naver.com",
      "writer_id": "rilly28",
      "writer_name": "|달달하게|",
      "writer_level": "7",
      "total_bytes": "0",
      "book_img": "https://cf.joara.com/literature_file/20210117_0850315296.jpg_thumb.png",
      "chk_finish": "FALSE",
      "chk_rate": "FALSE",
      "rate_recom": "0",
      "cnt_rate": 0,
      "cnt_chapter": 8,
      "cnt_page_read": 17999,
      "cnt_recom": 294,
      "cnt_favorite": 799,
      "cnt_people": 0,
      "is_study": "FALSE",
      "is_ad": "FALSE",
      "is_favorite": "FALSE",
      "is_festival": "TRUE",
      "is_gidamu": "FALSE",
      "is_promise_book": "N",
      "is_etcGenre": "FALSE",
      "is_scenario": "FALSE",
      "is_finish": "FALSE",
      "is_blcontest": "FALSE",
      "is_adultrofan": "FALSE",
      "is_freecontest": "FALSE",
      "is_voted": "",
      "vote_result": "FALSE",
      "finish_state": "FALSE",
      "finish_nopaydate": null,
      "finish_price": null,
      "finished": null,
      "finish_freechapter": null,
      "finish_amt_price": null,
      "finish_payrate": null,
      "is_preview": "FALSE",
      "preview_openday": "FALSE",
      "preview_opentime": "FALSE",
      "preview_price": "FALSE",
      "premium_payrate": "FALSE",
      "is_premium": "FALSE",
      "premium_nopaydate": "FALSE",
      "premium_price": "FALSE",
      "premium_freechapter": "FALSE",
      "premium_change_date": "FALSE",
      "redate": "1611507267",
      "created": "20210114033439",
      "updated": "20210125015427",
      "modifyed": "20210125015427",
      "is_notice": "TRUE",
      "contest_icon": "mobile_icon_v2_festival.png",
      "contest_id": "6",
      "skin_id": "FALSE",
      "writer_level_icon_url": "http://cf.joara.com/writer_icon/ico_author7.png",
      "bookmark_sortno": 0,
      "heart_status": "",
      "is_festival_free": "FALSE",
      "is_letter": "FALSE",
      "festival_free_chapter": 0,
      "festival_medal_icon": "FALSE",
      "is_rofan": "FALSE",
      "premium_amt_price": "FALSE",
      "freecontest_chapter_phase": "FALSE",
      "is_adult": "TRUE",
      "is_promise": "TRUE",
      "category_name": "rofan",
      "category_ko_name": "로판",
      "is_nobless": "TRUE",
      "is_romancebl": "TRUE",
      "is_award": "FALSE",
      "head_icon_url": [
        "http://img.joara.com/view_img/s_g_icon.png"
      ],
      "new_head_icon_url": [
        "http://img.joara.com/view_img/mobile_icon_v2_s_g_icon.png"
      ],
      "icon_url": [
        "http://img.joara.com/view_img/a_nobless.png",
        "http://cf.joara.com/book_icon/mobile_icon_v2_festival.png"
      ],
      "new_icon_url": [
        "http://img.joara.com/view_img/mobile_icon_v2_nobless.png",
        "http://cf.joara.com/book_icon/mobile_icon_v2_festival.png"
      ],
      "renew_icon_url": [
        "http://img.joara.com/view_img/mobile_icon_v2_nobless.png",
        "http://cf.joara.com/book_icon/mobile_icon_v2_festival.png",
        "http://img.joara.com/view_img/mobile_icon_v2_s_g_icon.png"
      ],
      "cnt_total_comment": 0
    },
    {
      "book_code": "1519143",
      "showcostcategory": "1222",
      "category": "22",
      "sub_category": "1",
      "subject": "퀴닝 갬빗",
      "intro": "판타지 좋아하는 야설작가\r\n\r\n#키잡 #마법 #고수위 #여성향 #악녀 #로맨스판타지 #로판 #가스라이팅 #복수 #정치물\r\n\r\n\r\n\r\n\"...스승님. 당신은 절 여자로 보시는 건가요.\"\r\n\r\n\r\n\r\n\r\n발개진 홍조와는 다르게, 그녀의 목소리는 담담하기 그지없었다.\r\n그는 코웃음을 치며 웃었다.\r\n\r\n\r\n\r\n\"그럴리가.\"\r\n\r\n\r\n\r\n그녀를 안아 들고 침대에 눕힌 그는 본격적으로 그녀를 탐하기 시작했다. 그녀의 젖꼭지를 지분거리다가 깨물며, 온몸의 그의 흔적을 새겼다. 점점 그녀의 다리로 내려간 그의 얼굴은 그녀의 중심을 핥아 내렸다.\r\n\r\n\r\n\r\n\"아!\"\r\n\r\n\r\n그의 손길에 별 감흥이 없어 보이던 그녀는 그의 혀가 그녀의 성기를 건드리자 허리를 비틀며 다리를 덜덜 떨었다. \r\n\r\n\r\n\r\n\"그... 그만...아...!\"\r\n\r\n\r\n\r\n그는 아랑곳 하지 않고 그녀의 중심을 핥고 어루만졌다. \r\n얼마 지나지 않아 그녀의 허리가 휘며 중심을 잃었다. 그녀의 싫다는 단말마와는 다르게 시트까지 축축히 젖어 내렸다.\r\n\r\n\r\n\r\n\"다리, 모아.\"\r\n\r\n\r\n\r\n\r\nPawn(병정)이 Queen(여왕)이 될때 까지 그녀는 악녀가 되어서라도 왕관을 손에 넣으리라.\r\n\r\n포로로 잡혀온 이민족 소녀가 철저한 혈통주의의 제국에서 살아남기 위한 일대기\r\n\r\n\r\n\r\n\r\nQueening - 폰이 끝까지 살아남아 퀸이 되는 과정\r\nGambit - 오프닝에 폰을 희생하여, 유리한 위치를 위하여 폰을 희생하는 것\r\n\r\n\r\n*성장물 겸 정치물이기 때문에 스토리 위주로 진행됩니다. 씬은 중반 이후부터\r\n\r\n위 표지의 저작권은 작가에게 있습니다.\r\n무단도용 금지",
      "writer_id": "dustnr94",
      "writer_name": "도쿠리네",
      "writer_level": "10",
      "total_bytes": "0",
      "book_img": "https://cf.joara.com/literature_file/20210115_1616163021.jpg_thumb.png",
      "chk_finish": "FALSE",
      "chk_rate": "FALSE",
      "rate_recom": "0",
      "cnt_rate": 0,
      "cnt_chapter": 6,
      "cnt_page_read": 872,
      "cnt_recom": 7,
      "cnt_favorite": 16,
      "cnt_people": 0,
      "is_study": "FALSE",
      "is_ad": "FALSE",
      "is_favorite": "FALSE",
      "is_festival": "TRUE",
      "is_gidamu": "FALSE",
      "is_promise_book": "N",
      "is_etcGenre": "FALSE",
      "is_scenario": "FALSE",
      "is_finish": "FALSE",
      "is_blcontest": "FALSE",
      "is_adultrofan": "FALSE",
      "is_freecontest": "FALSE",
      "is_voted": "FALSE",
      "vote_result": "FALSE",
      "finish_state": "FALSE",
      "finish_nopaydate": null,
      "finish_price": null,
      "finished": null,
      "finish_freechapter": null,
      "finish_amt_price": null,
      "finish_payrate": null,
      "is_preview": "FALSE",
      "preview_openday": "FALSE",
      "preview_opentime": "FALSE",
      "preview_price": "FALSE",
      "premium_payrate": "FALSE",
      "is_premium": "FALSE",
      "premium_nopaydate": "FALSE",
      "premium_price": "FALSE",
      "premium_freechapter": "FALSE",
      "premium_change_date": "FALSE",
      "redate": "1611506441",
      "created": "20210115174741",
      "updated": "20210125014041",
      "modifyed": "20210125014041",
      "is_notice": "FALSE",
      "contest_icon": "mobile_icon_v2_festival.png",
      "contest_id": "6",
      "skin_id": "FALSE",
      "writer_level_icon_url": "http://cf.joara.com/writer_icon/ico_author10.png",
      "bookmark_sortno": 0,
      "heart_status": "",
      "is_festival_free": "FALSE",
      "is_letter": "FALSE",
      "festival_free_chapter": 0,
      "festival_medal_icon": "FALSE",
      "is_rofan": "FALSE",
      "premium_amt_price": "FALSE",
      "freecontest_chapter_phase": "FALSE",
      "is_adult": "FALSE",
      "is_promise": "TRUE",
      "category_name": "rofan",
      "category_ko_name": "로판",
      "is_nobless": "TRUE",
      "is_romancebl": "TRUE",
      "is_award": "FALSE",
      "head_icon_url": [
        "http://img.joara.com/view_img/s_g_icon.png"
      ],
      "new_head_icon_url": [
        "http://img.joara.com/view_img/mobile_icon_v2_s_g_icon.png"
      ],
      "icon_url": [
        "http://img.joara.com/view_img/a_nobless_nomal.png",
        "http://cf.joara.com/book_icon/mobile_icon_v2_festival.png"
      ],
      "new_icon_url": [
        "http://img.joara.com/view_img/mobile_icon_v2_nobless_normal.png",
        "http://cf.joara.com/book_icon/mobile_icon_v2_festival.png"
      ],
      "renew_icon_url": [
        "http://img.joara.com/view_img/mobile_icon_v2_nobless_normal.png",
        "http://cf.joara.com/book_icon/mobile_icon_v2_festival.png",
        "http://img.joara.com/view_img/mobile_icon_v2_s_g_icon.png"
      ],
      "cnt_total_comment": 0
    },
    {
      "book_code": "1518523",
      "showcostcategory": "1203",
      "category": "3",
      "sub_category": "19",
      "subject": "나 빼고 다 넷카마",
      "intro": "같이 게임 하던 남캐들이 여자였다.",
      "writer_id": "choihg1014",
      "writer_name": "widla",
      "writer_level": "20",
      "total_bytes": "0",
      "book_img": "https://cf.joara.com/literature_file/20210113_2156049272.png_thumb.png",
      "chk_finish": "FALSE",
      "chk_rate": "FALSE",
      "rate_recom": "0",
      "cnt_rate": 0,
      "cnt_chapter": 13,
      "cnt_page_read": 6434,
      "cnt_recom": 65,
      "cnt_favorite": 184,
      "cnt_people": 0,
      "is_study": "FALSE",
      "is_ad": "FALSE",
      "is_favorite": "FALSE",
      "is_festival": "TRUE",
      "is_gidamu": "FALSE",
      "is_promise_book": "N",
      "is_etcGenre": "FALSE",
      "is_scenario": "FALSE",
      "is_finish": "FALSE",
      "is_blcontest": "FALSE",
      "is_adultrofan": "FALSE",
      "is_freecontest": "FALSE",
      "is_voted": "FALSE",
      "vote_result": "FALSE",
      "finish_state": "FALSE",
      "finish_nopaydate": null,
      "finish_price": null,
      "finished": null,
      "finish_freechapter": null,
      "finish_amt_price": null,
      "finish_payrate": null,
      "is_preview": "FALSE",
      "preview_openday": "FALSE",
      "preview_opentime": "FALSE",
      "preview_price": "FALSE",
      "premium_payrate": "FALSE",
      "is_premium": "FALSE",
      "premium_nopaydate": "FALSE",
      "premium_price": "FALSE",
      "premium_freechapter": "FALSE",
      "premium_change_date": "FALSE",
      "redate": "1611506280",
      "created": "20210113215820",
      "updated": "20210125013800",
      "modifyed": "20210125013800",
      "is_notice": "TRUE",
      "contest_icon": "mobile_icon_v2_festival.png",
      "contest_id": "6",
      "skin_id": "FALSE",
      "writer_level_icon_url": "http://cf.joara.com/writer_icon/ico_author20.png",
      "bookmark_sortno": 0,
      "heart_status": "",
      "is_festival_free": "FALSE",
      "is_letter": "FALSE",
      "festival_free_chapter": 0,
      "festival_medal_icon": "FALSE",
      "is_rofan": "FALSE",
      "premium_amt_price": "FALSE",
      "freecontest_chapter_phase": "FALSE",
      "is_adult": "FALSE",
      "is_promise": "TRUE",
      "category_name": "fusion",
      "category_ko_name": "퓨전",
      "is_nobless": "TRUE",
      "is_romancebl": "FALSE",
      "is_award": "FALSE",
      "head_icon_url": [
        "http://img.joara.com/view_img/s_g_icon.png"
      ],
      "new_head_icon_url": [
        "http://img.joara.com/view_img/mobile_icon_v2_s_g_icon.png"
      ],
      "icon_url": [
        "http://img.joara.com/view_img/a_nobless_nomal.png",
        "http://cf.joara.com/book_icon/mobile_icon_v2_festival.png"
      ],
      "new_icon_url": [
        "http://img.joara.com/view_img/mobile_icon_v2_nobless_normal.png",
        "http://cf.joara.com/book_icon/mobile_icon_v2_festival.png"
      ],
      "renew_icon_url": [
        "http://img.joara.com/view_img/mobile_icon_v2_nobless_normal.png",
        "http://cf.joara.com/book_icon/mobile_icon_v2_festival.png",
        "http://img.joara.com/view_img/mobile_icon_v2_s_g_icon.png"
      ],
      "cnt_total_comment": 0
    },
    {
      "book_code": "1522073",
      "showcostcategory": "1222",
      "category": "22",
      "sub_category": "0",
      "subject": "버그를 악용하지 마세요",
      "intro": "버그망겜에 오랜만에 복귀했다. 그런데 보스 몬스터 상태가 좀 이상하다.\r\n\r\n\r\n***\r\n\r\n\r\n【공지: 긴급 버그 패치가 시작되었습니다.】\r\n\r\n【공지: 《죽음의 사막》- 《야누스의 신전》의 필드 전역이 반나절 동안 ‘블랙아웃’ 됩니다. 각성자님들의 모험에 불편을 드려서 죄송합니다.】\r\n\r\n댈롱댈롱 떠오르는 붉은색 글씨가 보이지 않을 정도로 충격을 받았다. \r\n\r\n조금 전에 문득 생각한, 과연 공략캐가 아닌데 음경이 구현이 되어있을까? 라는 궁금증이 시원하게 해결되었다. 저도 모르게 입을 조금 벌린채로 백치처럼 중얼거렸다.\r\n\r\n“……크, 크다.”\r\n\r\n엄청나게 크다. 크다 못해 거대하다. 빨래판 같은 복근 아래에는 야누스가 쓰는 전용무기인 &lt;다크스피어&gt; 보다 더 무시무시한 창이 있었다. \r\n\r\n그가 소환하는 성가신 뱀 마물인 &lt;바실리스크&gt; 마냥 고개를 빳빳하게 쳐든채 탄탄한 구릿빛의 아랫배를 툭툭 쳐대고 있는 그것은 보기만 해도 기가 질렸다. \r\n\r\n“자, 잠깐만. 그런데……왜, 왜, 서있는건데?”\r\n\r\n호기심 반, 공포 반의 심정으로 그것을 구경하고 있던 찰나 야누스가 그녀에게 조금 더 다가왔다. 빳빳하게 발기한 자지를 훤히 내보인채로 말이다.\r\n\r\n\r\n[게임시스템/고수위/안돼돼돼/민감여주/인외남주/체격차이/자보드립]",
      "writer_id": "kimmm",
      "writer_name": "리아나Riana",
      "writer_level": "60",
      "total_bytes": "0",
      "book_img": "https://cf.joara.com/literature_file/20210125_0125596506.png_thumb.png",
      "chk_finish": "FALSE",
      "chk_rate": "FALSE",
      "rate_recom": "0",
      "cnt_rate": 0,
      "cnt_chapter": 2,
      "cnt_page_read": 83,
      "cnt_recom": 2,
      "cnt_favorite": 11,
      "cnt_people": 0,
      "is_study": "FALSE",
      "is_ad": "FALSE",
      "is_favorite": "FALSE",
      "is_festival": "TRUE",
      "is_gidamu": "FALSE",
      "is_promise_book": "",
      "is_etcGenre": "FALSE",
      "is_scenario": "FALSE",
      "is_finish": "FALSE",
      "is_blcontest": "FALSE",
      "is_adultrofan": "FALSE",
      "is_freecontest": "FALSE",
      "is_voted": "",
      "vote_result": "FALSE",
      "finish_state": "FALSE",
      "finish_nopaydate": null,
      "finish_price": null,
      "finished": null,
      "finish_freechapter": null,
      "finish_amt_price": null,
      "finish_payrate": null,
      "is_preview": "FALSE",
      "preview_openday": "FALSE",
      "preview_opentime": "FALSE",
      "preview_price": "FALSE",
      "premium_payrate": "FALSE",
      "is_premium": "FALSE",
      "premium_nopaydate": "FALSE",
      "premium_price": "FALSE",
      "premium_freechapter": "FALSE",
      "premium_change_date": "FALSE",
      "redate": "1611505642",
      "created": "20210125012722",
      "updated": "20210125012722",
      "modifyed": "20210125012746",
      "is_notice": "FALSE",
      "contest_icon": "mobile_icon_v2_festival.png",
      "contest_id": "6",
      "skin_id": "FALSE",
      "writer_level_icon_url": "http://cf.joara.com/writer_icon/ico_author60.png",
      "bookmark_sortno": 0,
      "heart_status": "",
      "is_festival_free": "FALSE",
      "is_letter": "FALSE",
      "festival_free_chapter": 0,
      "festival_medal_icon": "FALSE",
      "is_rofan": "FALSE",
      "premium_amt_price": "FALSE",
      "freecontest_chapter_phase": "FALSE",
      "is_adult": "TRUE",
      "is_promise": "FALSE",
      "category_name": "rofan",
      "category_ko_name": "로판",
      "is_nobless": "TRUE",
      "is_romancebl": "TRUE",
      "is_award": "FALSE",
      "head_icon_url": [],
      "new_head_icon_url": [],
      "icon_url": [
        "http://img.joara.com/view_img/a_nobless.png",
        "http://cf.joara.com/book_icon/mobile_icon_v2_festival.png"
      ],
      "new_icon_url": [
        "http://img.joara.com/view_img/mobile_icon_v2_nobless.png",
        "http://cf.joara.com/book_icon/mobile_icon_v2_festival.png"
      ],
      "renew_icon_url": [
        "http://img.joara.com/view_img/mobile_icon_v2_nobless.png",
        "http://cf.joara.com/book_icon/mobile_icon_v2_festival.png"
      ],
      "cnt_total_comment": 0
    },
    {
      "book_code": "1517897",
      "showcostcategory": "1201",
      "category": "1",
      "sub_category": "1",
      "subject": "발푸르기스의 밤",
      "intro": "도시 전설이란 콘셉트로 영상 제작을 하는 청년, 재현. 우연하게 만나게 된 화연이란 여성의 부탁으로 한 괴담을 조사하게 된다.\r\n처음에는 단순한 해프닝이라고 생각했다. 하지만 그 내막을 파악할수록 상식으로는 설명할 수 없는 일을 접하게 된다.\r\n그러다가 재현은 한 달에 한 번씩 일어나는 전쟁에 휘말리게 된다.",
      "writer_id": "varitina",
      "writer_name": "한제희",
      "writer_level": "",
      "total_bytes": "0",
      "book_img": "https://cf.joara.com/literature_file/merge/2021/01/16104291415086.jpg",
      "chk_finish": "FALSE",
      "chk_rate": "FALSE",
      "rate_recom": "0",
      "cnt_rate": 0,
      "cnt_chapter": 14,
      "cnt_page_read": 21,
      "cnt_recom": 0,
      "cnt_favorite": 3,
      "cnt_people": 0,
      "is_study": "FALSE",
      "is_ad": "FALSE",
      "is_favorite": "FALSE",
      "is_festival": "TRUE",
      "is_gidamu": "FALSE",
      "is_promise_book": "N",
      "is_etcGenre": "FALSE",
      "is_scenario": "FALSE",
      "is_finish": "FALSE",
      "is_blcontest": "FALSE",
      "is_adultrofan": "FALSE",
      "is_freecontest": "FALSE",
      "is_voted": "FALSE",
      "vote_result": "FALSE",
      "finish_state": "FALSE",
      "finish_nopaydate": null,
      "finish_price": null,
      "finished": null,
      "finish_freechapter": null,
      "finish_amt_price": null,
      "finish_payrate": null,
      "is_preview": "FALSE",
      "preview_openday": "FALSE",
      "preview_opentime": "FALSE",
      "preview_price": "FALSE",
      "premium_payrate": "FALSE",
      "is_premium": "FALSE",
      "premium_nopaydate": "FALSE",
      "premium_price": "FALSE",
      "premium_freechapter": "FALSE",
      "premium_change_date": "FALSE",
      "redate": "1611505528",
      "created": "20210112142541",
      "updated": "20210125012528",
      "modifyed": "20210125012528",
      "is_notice": "FALSE",
      "contest_icon": "mobile_icon_v2_festival.png",
      "contest_id": "6",
      "skin_id": "FALSE",
      "writer_level_icon_url": "",
      "bookmark_sortno": 0,
      "heart_status": "",
      "is_festival_free": "FALSE",
      "is_letter": "FALSE",
      "festival_free_chapter": 0,
      "festival_medal_icon": "FALSE",
      "is_rofan": "FALSE",
      "premium_amt_price": "FALSE",
      "freecontest_chapter_phase": "FALSE",
      "is_adult": "FALSE",
      "is_promise": "TRUE",
      "category_name": "fantasy",
      "category_ko_name": "판타지",
      "is_nobless": "TRUE",
      "is_romancebl": "FALSE",
      "is_award": "FALSE",
      "head_icon_url": [
        "http://img.joara.com/view_img/s_g_icon.png"
      ],
      "new_head_icon_url": [
        "http://img.joara.com/view_img/mobile_icon_v2_s_g_icon.png"
      ],
      "icon_url": [
        "http://img.joara.com/view_img/a_nobless_nomal.png",
        "http://cf.joara.com/book_icon/mobile_icon_v2_festival.png"
      ],
      "new_icon_url": [
        "http://img.joara.com/view_img/mobile_icon_v2_nobless_normal.png",
        "http://cf.joara.com/book_icon/mobile_icon_v2_festival.png"
      ],
      "renew_icon_url": [
        "http://img.joara.com/view_img/mobile_icon_v2_nobless_normal.png",
        "http://cf.joara.com/book_icon/mobile_icon_v2_festival.png",
        "http://img.joara.com/view_img/mobile_icon_v2_s_g_icon.png"
      ],
      "cnt_total_comment": 0
    },
    {
      "book_code": "1520679",
      "showcostcategory": "1201",
      "category": "1",
      "sub_category": "3",
      "subject": "어플쓰는 밤의 황제",
      "intro": "[매춘][사먹][캐빨?][하드][수위][조교][노예][페티쉬][나중에인방]\r\n\r\n그나마 술·담배를 안 한다는 것 말고는, 도저히 사람 새끼라고는 부를 수 없는 삶.\r\n\r\n그런 나의 삶을 바꾼 것은 어느 날 핸드폰에 떠오른 한 줄의 메시지였다.\r\n\r\n-어플 ‘세상은 돈과 여자’가 설치되었습니다.\r\n\r\n----\r\n\r\n표지 출처 - https://waifulabs.com/",
      "writer_id": "rkdtn128",
      "writer_name": "므나우",
      "writer_level": "",
      "total_bytes": "0",
      "book_img": "https://cf.joara.com/literature_file/20210120_1622179103.png_thumb.png",
      "chk_finish": "FALSE",
      "chk_rate": "FALSE",
      "rate_recom": "0",
      "cnt_rate": 0,
      "cnt_chapter": 7,
      "cnt_page_read": 1229,
      "cnt_recom": 9,
      "cnt_favorite": 98,
      "cnt_people": 0,
      "is_study": "FALSE",
      "is_ad": "FALSE",
      "is_favorite": "FALSE",
      "is_festival": "TRUE",
      "is_gidamu": "FALSE",
      "is_promise_book": "",
      "is_etcGenre": "FALSE",
      "is_scenario": "FALSE",
      "is_finish": "FALSE",
      "is_blcontest": "FALSE",
      "is_adultrofan": "FALSE",
      "is_freecontest": "FALSE",
      "is_voted": "",
      "vote_result": "FALSE",
      "finish_state": "FALSE",
      "finish_nopaydate": null,
      "finish_price": null,
      "finished": null,
      "finish_freechapter": null,
      "finish_amt_price": null,
      "finish_payrate": null,
      "is_preview": "FALSE",
      "preview_openday": "FALSE",
      "preview_opentime": "FALSE",
      "preview_price": "FALSE",
      "premium_payrate": "FALSE",
      "is_premium": "FALSE",
      "premium_nopaydate": "FALSE",
      "premium_price": "FALSE",
      "premium_freechapter": "FALSE",
      "premium_change_date": "FALSE",
      "redate": "1611505003",
      "created": "20210120163031",
      "updated": "20210125011643",
      "modifyed": "20210125011643",
      "is_notice": "FALSE",
      "contest_icon": "mobile_icon_v2_festival.png",
      "contest_id": "6",
      "skin_id": "FALSE",
      "writer_level_icon_url": "",
      "bookmark_sortno": 0,
      "heart_status": "",
      "is_festival_free": "FALSE",
      "is_letter": "FALSE",
      "festival_free_chapter": 0,
      "festival_medal_icon": "FALSE",
      "is_rofan": "FALSE",
      "premium_amt_price": "FALSE",
      "freecontest_chapter_phase": "FALSE",
      "is_adult": "TRUE",
      "is_promise": "FALSE",
      "category_name": "fantasy",
      "category_ko_name": "판타지",
      "is_nobless": "TRUE",
      "is_romancebl": "FALSE",
      "is_award": "FALSE",
      "head_icon_url": [],
      "new_head_icon_url": [],
      "icon_url": [
        "http://img.joara.com/view_img/a_nobless.png",
        "http://cf.joara.com/book_icon/mobile_icon_v2_festival.png"
      ],
      "new_icon_url": [
        "http://img.joara.com/view_img/mobile_icon_v2_nobless.png",
        "http://cf.joara.com/book_icon/mobile_icon_v2_festival.png"
      ],
      "renew_icon_url": [
        "http://img.joara.com/view_img/mobile_icon_v2_nobless.png",
        "http://cf.joara.com/book_icon/mobile_icon_v2_festival.png"
      ],
      "cnt_total_comment": 0
    },
    {
      "book_code": "1518028",
      "showcostcategory": "1201",
      "category": "1",
      "sub_category": "2",
      "subject": "신전(神殿)의 전설(傳說)",
      "intro": "신전의 전설.\r\n\r\n 전설은 살아 있다.\r\n\r\n 서왕모의 신전에서 일어나는 전설이다.",
      "writer_id": "illjji21",
      "writer_name": "장춘몽",
      "writer_level": "",
      "total_bytes": "0",
      "book_img": "https://cf.joara.com/literature_file/merge/2021/01/16104478722969.jpg",
      "chk_finish": "FALSE",
      "chk_rate": "TRUE",
      "rate_recom": "0",
      "cnt_rate": 0,
      "cnt_chapter": 22,
      "cnt_page_read": 249,
      "cnt_recom": 0,
      "cnt_favorite": 20,
      "cnt_people": 0,
      "is_study": "FALSE",
      "is_ad": "FALSE",
      "is_favorite": "FALSE",
      "is_festival": "TRUE",
      "is_gidamu": "FALSE",
      "is_promise_book": "N",
      "is_etcGenre": "FALSE",
      "is_scenario": "FALSE",
      "is_finish": "FALSE",
      "is_blcontest": "FALSE",
      "is_adultrofan": "FALSE",
      "is_freecontest": "FALSE",
      "is_voted": "",
      "vote_result": "FALSE",
      "finish_state": "FALSE",
      "finish_nopaydate": null,
      "finish_price": null,
      "finished": null,
      "finish_freechapter": null,
      "finish_amt_price": null,
      "finish_payrate": null,
      "is_preview": "FALSE",
      "preview_openday": "FALSE",
      "preview_opentime": "FALSE",
      "preview_price": "FALSE",
      "premium_payrate": "FALSE",
      "is_premium": "FALSE",
      "premium_nopaydate": "FALSE",
      "premium_price": "FALSE",
      "premium_freechapter": "FALSE",
      "premium_change_date": "FALSE",
      "redate": "1611504958",
      "created": "20210112193752",
      "updated": "20210125011558",
      "modifyed": "20210125011558",
      "is_notice": "FALSE",
      "contest_icon": "mobile_icon_v2_festival.png",
      "contest_id": "6",
      "skin_id": "FALSE",
      "writer_level_icon_url": "",
      "bookmark_sortno": 0,
      "heart_status": "",
      "is_festival_free": "FALSE",
      "is_letter": "FALSE",
      "festival_free_chapter": 0,
      "festival_medal_icon": "FALSE",
      "is_rofan": "FALSE",
      "premium_amt_price": "FALSE",
      "freecontest_chapter_phase": "FALSE",
      "is_adult": "TRUE",
      "is_promise": "TRUE",
      "category_name": "fantasy",
      "category_ko_name": "판타지",
      "is_nobless": "TRUE",
      "is_romancebl": "FALSE",
      "is_award": "FALSE",
      "head_icon_url": [
        "http://img.joara.com/view_img/s_g_icon.png"
      ],
      "new_head_icon_url": [
        "http://img.joara.com/view_img/mobile_icon_v2_s_g_icon.png"
      ],
      "icon_url": [
        "http://img.joara.com/view_img/a_nobless.png",
        "http://cf.joara.com/book_icon/mobile_icon_v2_festival.png"
      ],
      "new_icon_url": [
        "http://img.joara.com/view_img/mobile_icon_v2_nobless.png",
        "http://cf.joara.com/book_icon/mobile_icon_v2_festival.png"
      ],
      "renew_icon_url": [
        "http://img.joara.com/view_img/mobile_icon_v2_nobless.png",
        "http://cf.joara.com/book_icon/mobile_icon_v2_festival.png",
        "http://img.joara.com/view_img/mobile_icon_v2_s_g_icon.png"
      ],
      "cnt_total_comment": 0
    },
    {
      "book_code": "1520034",
      "showcostcategory": "1222",
      "category": "22",
      "sub_category": "0",
      "subject": "내가 만든 로맨스 게임의 여주가 되어버렸다",
      "intro": "잘나가는 게임회사의 여사장! 자신이 만든 게임의 여주가 되어버렸다!\n\n어느날 자신이 만든 로맨스게임 '매지컬 스쿨'을 플레이하던중 교통사고를 당한 나!\n \n완전히 죽었다 생각했지만 눈을 떠보니\n자신이 만든 게임의 여주인공 엘리제가 되어버렸다!\n\n그리고 그때 들려온 하늘의 목소리\n당신은 매지컬 스쿨의 여주인공으로서 이 세계에 오게 되었습니다 \n8명의 완벽한 남자 주인공들을 공략하고 당신의 소원을 이루어 보세요!\n\n이건 우리 게임의 프롤로그 대사잖아?!\n\n혹시 여기서 게임을 클리어 하면 현실 세계로 돌아 갈수 있을까? \n좋아 까짓거 해내겠어 누가 뭐래도 이건 내가 만든 게임이니까! 이정도쯤이야!",
      "writer_id": "saramkun",
      "writer_name": "초미녀K",
      "writer_level": "",
      "total_bytes": "0",
      "book_img": "https://cf.joara.com/literature_file/1775236_1610976443_thumb.jpg",
      "chk_finish": "FALSE",
      "chk_rate": "FALSE",
      "rate_recom": "0",
      "cnt_rate": 0,
      "cnt_chapter": 6,
      "cnt_page_read": 91,
      "cnt_recom": 7,
      "cnt_favorite": 8,
      "cnt_people": 0,
      "is_study": "FALSE",
      "is_ad": "FALSE",
      "is_favorite": "FALSE",
      "is_festival": "TRUE",
      "is_gidamu": "FALSE",
      "is_promise_book": "N",
      "is_etcGenre": "FALSE",
      "is_scenario": "FALSE",
      "is_finish": "FALSE",
      "is_blcontest": "FALSE",
      "is_adultrofan": "FALSE",
      "is_freecontest": "FALSE",
      "is_voted": "FALSE",
      "vote_result": "FALSE",
      "finish_state": "FALSE",
      "finish_nopaydate": null,
      "finish_price": null,
      "finished": null,
      "finish_freechapter": null,
      "finish_amt_price": null,
      "finish_payrate": null,
      "is_preview": "FALSE",
      "preview_openday": "FALSE",
      "preview_opentime": "FALSE",
      "preview_price": "FALSE",
      "premium_payrate": "FALSE",
      "is_premium": "FALSE",
      "premium_nopaydate": "FALSE",
      "premium_price": "FALSE",
      "premium_freechapter": "FALSE",
      "premium_change_date": "FALSE",
      "redate": "1611504891",
      "created": "20210118144130",
      "updated": "20210125011451",
      "modifyed": "20210125011451",
      "is_notice": "FALSE",
      "contest_icon": "mobile_icon_v2_festival.png",
      "contest_id": "6",
      "skin_id": "FALSE",
      "writer_level_icon_url": "",
      "bookmark_sortno": 0,
      "heart_status": "",
      "is_festival_free": "FALSE",
      "is_letter": "FALSE",
      "festival_free_chapter": 0,
      "festival_medal_icon": "FALSE",
      "is_rofan": "FALSE",
      "premium_amt_price": "FALSE",
      "freecontest_chapter_phase": "FALSE",
      "is_adult": "FALSE",
      "is_promise": "TRUE",
      "category_name": "rofan",
      "category_ko_name": "로판",
      "is_nobless": "TRUE",
      "is_romancebl": "TRUE",
      "is_award": "FALSE",
      "head_icon_url": [
        "http://img.joara.com/view_img/s_g_icon.png"
      ],
      "new_head_icon_url": [
        "http://img.joara.com/view_img/mobile_icon_v2_s_g_icon.png"
      ],
      "icon_url": [
        "http://img.joara.com/view_img/a_nobless_nomal.png",
        "http://cf.joara.com/book_icon/mobile_icon_v2_festival.png"
      ],
      "new_icon_url": [
        "http://img.joara.com/view_img/mobile_icon_v2_nobless_normal.png",
        "http://cf.joara.com/book_icon/mobile_icon_v2_festival.png"
      ],
      "renew_icon_url": [
        "http://img.joara.com/view_img/mobile_icon_v2_nobless_normal.png",
        "http://cf.joara.com/book_icon/mobile_icon_v2_festival.png",
        "http://img.joara.com/view_img/mobile_icon_v2_s_g_icon.png"
      ],
      "cnt_total_comment": 0
    },
    {
      "book_code": "1517773",
      "showcostcategory": "1222",
      "category": "22",
      "sub_category": "0",
      "subject": "최애가 소설 속 일회용 캐릭터일 때",
      "intro": "일회용 캐릭터, 엑스트라와는 별개로 주로 소설 초반 또는 한 부분에서 주요한 역할을 맡는 것처럼 보이지만 결국에는 죽거나 그 사건에만 등장하는 캐릭터라는 뜻이다. \n\n내 최애의 이름은 루서 로렌스. 소설 '이런 레이디는 네가 처음'에서 여주인공과 남주인공이 만날 수 있게 도와주고 마지막에는 남주인공을 구하다가 결국 죽는 캐릭터였다. \n\n딱 3화의 분량. 여주인공과 남주인공이 무도회에서 만나 여러 얘기를 나누다가 남주인공이 일반적으로 여주인공에게 호감을 느끼려는 순간 우리 루서는 그놈 하나 지키려고 칼에 찔려 죽고 만다. 그 사랑에 빠진 남주인공 하나 구하려고.\n\n그런 그를 내가 정말 만날 수 있을 거라고는 생각도 못 했었다.\n\n\n\nlovely040508@naver.com",
      "writer_id": "lovely040508",
      "writer_name": "볼빨간작가",
      "writer_level": "",
      "total_bytes": "0",
      "book_img": "https://cf.joara.com/literature_file/merge/2021/01/16104150652549.jpg",
      "chk_finish": "FALSE",
      "chk_rate": "FALSE",
      "rate_recom": "0",
      "cnt_rate": 0,
      "cnt_chapter": 13,
      "cnt_page_read": 425,
      "cnt_recom": 12,
      "cnt_favorite": 25,
      "cnt_people": 0,
      "is_study": "FALSE",
      "is_ad": "FALSE",
      "is_favorite": "FALSE",
      "is_festival": "TRUE",
      "is_gidamu": "FALSE",
      "is_promise_book": "",
      "is_etcGenre": "FALSE",
      "is_scenario": "FALSE",
      "is_finish": "FALSE",
      "is_blcontest": "FALSE",
      "is_adultrofan": "FALSE",
      "is_freecontest": "FALSE",
      "is_voted": "FALSE",
      "vote_result": "FALSE",
      "finish_state": "FALSE",
      "finish_nopaydate": null,
      "finish_price": null,
      "finished": null,
      "finish_freechapter": null,
      "finish_amt_price": null,
      "finish_payrate": null,
      "is_preview": "FALSE",
      "preview_openday": "FALSE",
      "preview_opentime": "FALSE",
      "preview_price": "FALSE",
      "premium_payrate": "FALSE",
      "is_premium": "FALSE",
      "premium_nopaydate": "FALSE",
      "premium_price": "FALSE",
      "premium_freechapter": "FALSE",
      "premium_change_date": "FALSE",
      "redate": "1611504806",
      "created": "20210112103105",
      "updated": "20210125011326",
      "modifyed": "20210125011326",
      "is_notice": "FALSE",
      "contest_icon": "mobile_icon_v2_festival.png",
      "contest_id": "6",
      "skin_id": "FALSE",
      "writer_level_icon_url": "",
      "bookmark_sortno": 0,
      "heart_status": "",
      "is_festival_free": "FALSE",
      "is_letter": "FALSE",
      "festival_free_chapter": 0,
      "festival_medal_icon": "FALSE",
      "is_rofan": "FALSE",
      "premium_amt_price": "FALSE",
      "freecontest_chapter_phase": "FALSE",
      "is_adult": "FALSE",
      "is_promise": "FALSE",
      "category_name": "rofan",
      "category_ko_name": "로판",
      "is_nobless": "TRUE",
      "is_romancebl": "TRUE",
      "is_award": "FALSE",
      "head_icon_url": [],
      "new_head_icon_url": [],
      "icon_url": [
        "http://img.joara.com/view_img/a_nobless_nomal.png",
        "http://cf.joara.com/book_icon/mobile_icon_v2_festival.png"
      ],
      "new_icon_url": [
        "http://img.joara.com/view_img/mobile_icon_v2_nobless_normal.png",
        "http://cf.joara.com/book_icon/mobile_icon_v2_festival.png"
      ],
      "renew_icon_url": [
        "http://img.joara.com/view_img/mobile_icon_v2_nobless_normal.png",
        "http://cf.joara.com/book_icon/mobile_icon_v2_festival.png"
      ],
      "cnt_total_comment": 0
    },
    {
      "book_code": "1517788",
      "showcostcategory": "1222",
      "category": "22",
      "sub_category": "1",
      "subject": "꽃도령 컬렉터 : 미남 수집하는 낭자",
      "intro": "#역하렘 #남주경쟁 #착각계 #단짠단짠 #스토리위주\r\n#사연있는 #집착남 #상처남 #직진남 #대형견 #로코\r\n\r\n문(文) : 완벽한 비주얼의 모태솔로 꽃선비.\r\n무(武) : 조각같은 피지컬의 맹수상 호위무사.\r\n재(才) : 댕댕이처럼 귀엽고 잔망스러운 연하남.\r\n색(色) : 요사스럽고 색기넘치는 수컷 구미호.\r\n\r\n- 문(文), 무(武), 재(才), 색(色) -\r\n연애운 무지 좋으니 저 중에서 선택하란다.\r\n\r\n근데 왜 한 명만 골라야 하는데?\r\n그냥 문무겸비에 재색겸비까지 하면 안 될까?\r\n\r\n. . .\r\n\r\n나는 8년간 죽어라 연습만 하다 결국 데뷔 실패한 연습생.\r\n\r\n분명 죽었는데, 조선시대 같은 곳에서 상인의 딸로 환생했다.\r\n그 와중에 아비란 작자는 날 대감댁 첩으로 보내려고 한다.\r\n\r\n어떻게든 먹고 살아 보겠다고 꽃도령들 수집해 아이돌 제작.\r\n뒷골목에서 줍고, 서당 가서 꼬시고, 산에서 끌고 내려왔다.\r\n \r\n유교걸들이 뭘 좋아할지 몰라서 그냥 다 준비해 봤어.\r\n내가 모은 멤버지만 정말 기립박수 쳐야 할 조합이야.\r\n\r\n근데 왜 다들 프로듀서를 좋아하는 거지?\r\n안 그래도 심연의 음란마귀 다스리기도 힘들구만.\r\n내가 무슨 황제도 아니고... 하렘을 만들려던 건 아니었는데.\r\n\r\n현대인 멘탈을 가진 여주가 유교가이, 댕댕이, 구미호 조련하는\r\n본격 조선판 좌충우돌 로맨틱코미디!\r\n\r\n\r\n「 키워드 추가 : 동양풍/인외존재/집착/소유욕/구원서사\r\n   /동정남/조신남/순정남/까칠남/짐승남/절륜남/계략남\r\n   /잔잔물/성장물/힐링물/개그물/오해물/환생물/회빙환\r\n   /능력녀/신분차이/자존감낮은/조선시대/존댓말남\r\n   /동로판/가상시대물/아이돌/팬반응/덕질/팬심/주접 」\r\n\r\n- 작가메일 : 류이휘 ryuleehui@naver.com 소통 환영\r\n- 표지제작 : 김가루 sishood@naver.com 커미션 가능\r\n",
      "writer_id": "narshakim",
      "writer_name": "류이휘",
      "writer_level": "10",
      "total_bytes": "0",
      "book_img": "https://cf.joara.com/literature_file/20210112_1055091813.jpg_thumb.png",
      "chk_finish": "FALSE",
      "chk_rate": "FALSE",
      "rate_recom": "0",
      "cnt_rate": 0,
      "cnt_chapter": 25,
      "cnt_page_read": 4980,
      "cnt_recom": 84,
      "cnt_favorite": 118,
      "cnt_people": 0,
      "is_study": "FALSE",
      "is_ad": "FALSE",
      "is_favorite": "FALSE",
      "is_festival": "TRUE",
      "is_gidamu": "FALSE",
      "is_promise_book": "N",
      "is_etcGenre": "FALSE",
      "is_scenario": "FALSE",
      "is_finish": "FALSE",
      "is_blcontest": "FALSE",
      "is_adultrofan": "FALSE",
      "is_freecontest": "FALSE",
      "is_voted": "",
      "vote_result": "FALSE",
      "finish_state": "FALSE",
      "finish_nopaydate": null,
      "finish_price": null,
      "finished": null,
      "finish_freechapter": null,
      "finish_amt_price": null,
      "finish_payrate": null,
      "is_preview": "FALSE",
      "preview_openday": "FALSE",
      "preview_opentime": "FALSE",
      "preview_price": "FALSE",
      "premium_payrate": "FALSE",
      "is_premium": "FALSE",
      "premium_nopaydate": "FALSE",
      "premium_price": "FALSE",
      "premium_freechapter": "FALSE",
      "premium_change_date": "FALSE",
      "redate": "1611504665",
      "created": "20210112105932",
      "updated": "20210125011105",
      "modifyed": "20210125011105",
      "is_notice": "TRUE",
      "contest_icon": "mobile_icon_v2_festival.png",
      "contest_id": "6",
      "skin_id": "FALSE",
      "writer_level_icon_url": "http://cf.joara.com/writer_icon/ico_author10.png",
      "bookmark_sortno": 0,
      "heart_status": "",
      "is_festival_free": "FALSE",
      "is_letter": "FALSE",
      "festival_free_chapter": 0,
      "festival_medal_icon": "FALSE",
      "is_rofan": "FALSE",
      "premium_amt_price": "FALSE",
      "freecontest_chapter_phase": "FALSE",
      "is_adult": "TRUE",
      "is_promise": "TRUE",
      "category_name": "rofan",
      "category_ko_name": "로판",
      "is_nobless": "TRUE",
      "is_romancebl": "TRUE",
      "is_award": "FALSE",
      "head_icon_url": [
        "http://img.joara.com/view_img/s_g_icon.png"
      ],
      "new_head_icon_url": [
        "http://img.joara.com/view_img/mobile_icon_v2_s_g_icon.png"
      ],
      "icon_url": [
        "http://img.joara.com/view_img/a_nobless.png",
        "http://cf.joara.com/book_icon/mobile_icon_v2_festival.png"
      ],
      "new_icon_url": [
        "http://img.joara.com/view_img/mobile_icon_v2_nobless.png",
        "http://cf.joara.com/book_icon/mobile_icon_v2_festival.png"
      ],
      "renew_icon_url": [
        "http://img.joara.com/view_img/mobile_icon_v2_nobless.png",
        "http://cf.joara.com/book_icon/mobile_icon_v2_festival.png",
        "http://img.joara.com/view_img/mobile_icon_v2_s_g_icon.png"
      ],
      "cnt_total_comment": 0
    },
    {
      "book_code": "1520219",
      "showcostcategory": "1222",
      "category": "22",
      "sub_category": "1",
      "subject": "백작 영애는 잘 나가는 쇼호스트",
      "intro": "상위 1% 잘나가는 쇼호스트 이지연.\r\n완판녀인 그녀가 갑자기 이세계의 아리따운 백작가의 아가씨로 빙의?\r\n\r\n그런데, 이놈의 집구석은 왜 이렇게 가난한거야?\r\n조용히 살다 현대로 돌아가려고 했지만,\r\n너무 가난해서, 당장의 삶이 불안하다!\r\n\r\n샤를로트. 체면 차리다가, 쪽박찬다! 정신 바짝 차려!\r\n\r\n#회빙환 #빙의물 #로맨스판타지 #커리어우먼 #홈쇼핑 #쇼호스트 ",
      "writer_id": "kleesol",
      "writer_name": "커피맛쿠크다스",
      "writer_level": "",
      "total_bytes": "0",
      "book_img": "https://cf.joara.com/literature_file/merge/2021/01/16114162708627.jpg",
      "chk_finish": "FALSE",
      "chk_rate": "FALSE",
      "rate_recom": "0",
      "cnt_rate": 0,
      "cnt_chapter": 7,
      "cnt_page_read": 108,
      "cnt_recom": 3,
      "cnt_favorite": 8,
      "cnt_people": 0,
      "is_study": "FALSE",
      "is_ad": "FALSE",
      "is_favorite": "FALSE",
      "is_festival": "TRUE",
      "is_gidamu": "FALSE",
      "is_promise_book": "N",
      "is_etcGenre": "FALSE",
      "is_scenario": "FALSE",
      "is_finish": "FALSE",
      "is_blcontest": "FALSE",
      "is_adultrofan": "FALSE",
      "is_freecontest": "FALSE",
      "is_voted": "FALSE",
      "vote_result": "FALSE",
      "finish_state": "FALSE",
      "finish_nopaydate": null,
      "finish_price": null,
      "finished": null,
      "finish_freechapter": null,
      "finish_amt_price": null,
      "finish_payrate": null,
      "is_preview": "FALSE",
      "preview_openday": "FALSE",
      "preview_opentime": "FALSE",
      "preview_price": "FALSE",
      "premium_payrate": "FALSE",
      "is_premium": "FALSE",
      "premium_nopaydate": "FALSE",
      "premium_price": "FALSE",
      "premium_freechapter": "FALSE",
      "premium_change_date": "FALSE",
      "redate": "1611504519",
      "created": "20210119000302",
      "updated": "20210125010839",
      "modifyed": "20210125010839",
      "is_notice": "FALSE",
      "contest_icon": "mobile_icon_v2_festival.png",
      "contest_id": "6",
      "skin_id": "FALSE",
      "writer_level_icon_url": "",
      "bookmark_sortno": 0,
      "heart_status": "",
      "is_festival_free": "FALSE",
      "is_letter": "FALSE",
      "festival_free_chapter": 0,
      "festival_medal_icon": "FALSE",
      "is_rofan": "FALSE",
      "premium_amt_price": "FALSE",
      "freecontest_chapter_phase": "FALSE",
      "is_adult": "FALSE",
      "is_promise": "TRUE",
      "category_name": "rofan",
      "category_ko_name": "로판",
      "is_nobless": "TRUE",
      "is_romancebl": "TRUE",
      "is_award": "FALSE",
      "head_icon_url": [
        "http://img.joara.com/view_img/s_g_icon.png"
      ],
      "new_head_icon_url": [
        "http://img.joara.com/view_img/mobile_icon_v2_s_g_icon.png"
      ],
      "icon_url": [
        "http://img.joara.com/view_img/a_nobless_nomal.png",
        "http://cf.joara.com/book_icon/mobile_icon_v2_festival.png"
      ],
      "new_icon_url": [
        "http://img.joara.com/view_img/mobile_icon_v2_nobless_normal.png",
        "http://cf.joara.com/book_icon/mobile_icon_v2_festival.png"
      ],
      "renew_icon_url": [
        "http://img.joara.com/view_img/mobile_icon_v2_nobless_normal.png",
        "http://cf.joara.com/book_icon/mobile_icon_v2_festival.png",
        "http://img.joara.com/view_img/mobile_icon_v2_s_g_icon.png"
      ],
      "cnt_total_comment": 0
    },
    {
      "book_code": "1518621",
      "showcostcategory": "1201",
      "category": "1",
      "sub_category": "1",
      "subject": "내가 원한건 이런게 아니야",
      "intro": "“이거놔!!!”\r\n\r\n비명소리가 울려 퍼지는 울창한 숲속 버둥거리는 여인의 몸 위로 여러 마리의 고블린들이 거칠게 그녀의 옷을 벗기고 있었다. 여자의 반항도 상관 없다는 듯이 고블린들의 손길은 거침이 없었다.\r\n\r\n“그만해 이 미친 새끼들아!!”\r\n\r\n아름다운 목소리로 욕지기를 내뱉으며 반항하였지만 그녀의 가느다란 팔과 다리가 고블린들에 의해 잡혀 있어 꼼짝없이 옷이 찢겨 나가는 것을 두고 볼 수밖에 없었다.\r\n여체가 드러나자 고블린들은 이미 제정신이 아니었다 인간 여자가 내뿜는 알 수 없는 향기가 자신들의 다리 사이에 있는 물건을 뜨겁게 만들었다. 타종족인 인간을 먹지 않고 범한다는 건 있을 수 없는 일이었지만 하얀 나체에 봉긋한 가슴과 만져 달라는 듯 튀어나온 핑크빛 유두, 그 아래에 알 수 없는 성욕을 불러일으키는 향기가 나는 자그마한 구멍은 빈 공간을 채워 달라는 듯 벌렁거리며 고블린들을 유혹하였다.우두머리로 보이는 고블린 한 마리가 길고 징그러운 혀를 그녀의 보지 구멍 안으로 넣으며 거칠게 안을 휘저었다\r\n\r\n“흐읏..그만…해..”\r\n\r\n강제로 다리가 벌려진 체 자신의 안으로 혀가 밀려들어오자 기훈은 자연스레 신음이 흘러 나왔다.징그러운 고블린의 혀가 자신의  보지 안을 여기저기 쑤시며 깊숙한 곳을 찔러 오자 반항하는 목소리와는 반대로 몸은 정직하게 자극에 반응 하였다. 인간이 아닌 고블린들에게 붙잡혀 범해지고 있으면서도 절정에 치닫는 자신의 몸뚱이를 원망하는 기훈이었다.\r\n\r\n“으응,아,,앗 그만..그만하라..읏”\r\n\r\n기훈의 달콤한 애액을 마음껏 맛본 고블린은 참을 수 없다는듯 자신의 울퉁불퉁한 자지를 꺼내들며 기훈의 보지 입구로 가져갔다 그걸 본 기훈은 다시 한번 거칠게 반항하였지만 팔다리를 붙잡고 있는 고블린들에 의해 가만히 구멍을 벌린체 고블린의 자지를 받아 들일수 밖에 없었다.거친 자지의 표면이 기훈의 여린 속살을 파고 들며 들어가자 기훈의 허리가 자연스레 휘었고 우두머리는 양손으로 기훈의 가느다란 허리를 잡고는 더더욱 자신의 자지를 여체에 박아 넣었다.\r\n\r\n“아앙,앗 읏 그만..그만해…흐으”\r\n\r\n어느덧 예쁜 목소리가 쇠된 소리로 바뀌어 갈때쯤 고블린의 사정시간도 다가왔다 고블린의 자지가 더욱 빠르고 깊게 기훈의 보지 안을 박아 넣자 기훈 또한 원치 않는 절정이 다가왔다.\r\n\r\n“싫어..시러…으응 아앗”\r\n\r\n고블린과 함께 강제로 절정을 맛본 기훈의 여체에서는 더욱더 달큼한 향을 뿜어내었고 그 향을 맡은 고블린들은 번뜩이는 눈을 하며 자신들도 기훈에게 박아 넣을 준비를 하였다.자신의 보지에서 고블린의 정액이 다 흘러나올새도 없이 기훈에게 다가 오는 고블린들을 보며 기훈은 질겁하며 소리쳤다\r\n\r\n“씨발 내가 원한건 이런게 아니라고!!!!”\r\n",
      "writer_id": "jbw03029",
      "writer_name": "아조라12",
      "writer_level": "",
      "total_bytes": "0",
      "book_img": "https://cf.joara.com/literature_file/cover_file/20190329_141536.jpg",
      "chk_finish": "FALSE",
      "chk_rate": "FALSE",
      "rate_recom": "0",
      "cnt_rate": 0,
      "cnt_chapter": 11,
      "cnt_page_read": 1290,
      "cnt_recom": 16,
      "cnt_favorite": 43,
      "cnt_people": 0,
      "is_study": "FALSE",
      "is_ad": "FALSE",
      "is_favorite": "FALSE",
      "is_festival": "TRUE",
      "is_gidamu": "FALSE",
      "is_promise_book": "",
      "is_etcGenre": "FALSE",
      "is_scenario": "FALSE",
      "is_finish": "FALSE",
      "is_blcontest": "FALSE",
      "is_adultrofan": "FALSE",
      "is_freecontest": "FALSE",
      "is_voted": "",
      "vote_result": "FALSE",
      "finish_state": "FALSE",
      "finish_nopaydate": null,
      "finish_price": null,
      "finished": null,
      "finish_freechapter": null,
      "finish_amt_price": null,
      "finish_payrate": null,
      "is_preview": "FALSE",
      "preview_openday": "FALSE",
      "preview_opentime": "FALSE",
      "preview_price": "FALSE",
      "premium_payrate": "FALSE",
      "is_premium": "FALSE",
      "premium_nopaydate": "FALSE",
      "premium_price": "FALSE",
      "premium_freechapter": "FALSE",
      "premium_change_date": "FALSE",
      "redate": "1611504478",
      "created": "20210114012616",
      "updated": "20210125010758",
      "modifyed": "20210125010758",
      "is_notice": "FALSE",
      "contest_icon": "mobile_icon_v2_festival.png",
      "contest_id": "6",
      "skin_id": "FALSE",
      "writer_level_icon_url": "",
      "bookmark_sortno": 0,
      "heart_status": "",
      "is_festival_free": "FALSE",
      "is_letter": "FALSE",
      "festival_free_chapter": 0,
      "festival_medal_icon": "FALSE",
      "is_rofan": "FALSE",
      "premium_amt_price": "FALSE",
      "freecontest_chapter_phase": "FALSE",
      "is_adult": "TRUE",
      "is_promise": "FALSE",
      "category_name": "fantasy",
      "category_ko_name": "판타지",
      "is_nobless": "TRUE",
      "is_romancebl": "FALSE",
      "is_award": "FALSE",
      "head_icon_url": [],
      "new_head_icon_url": [],
      "icon_url": [
        "http://img.joara.com/view_img/a_nobless.png",
        "http://cf.joara.com/book_icon/mobile_icon_v2_festival.png"
      ],
      "new_icon_url": [
        "http://img.joara.com/view_img/mobile_icon_v2_nobless.png",
        "http://cf.joara.com/book_icon/mobile_icon_v2_festival.png"
      ],
      "renew_icon_url": [
        "http://img.joara.com/view_img/mobile_icon_v2_nobless.png",
        "http://cf.joara.com/book_icon/mobile_icon_v2_festival.png"
      ],
      "cnt_total_comment": 0
    },
    {
      "book_code": "1519139",
      "showcostcategory": "1201",
      "category": "1",
      "sub_category": "1",
      "subject": "나혼자 메카닉",
      "intro": "이세계로 전생한 김로보.\r\n용사인줄 알았던 그에게 주어진 능력은 시신을 로봇으로 만드는 능력이라고?\r\n\r\n\r\n[이세계][전생][먼치킨][성장][모험가][메카닉]",
      "writer_id": "787977",
      "writer_name": "16.6부대소령",
      "writer_level": "20",
      "total_bytes": "0",
      "book_img": "https://cf.joara.com/literature_file/merge/2021/01/16106994299721.jpg",
      "chk_finish": "FALSE",
      "chk_rate": "FALSE",
      "rate_recom": "0",
      "cnt_rate": 0,
      "cnt_chapter": 22,
      "cnt_page_read": 729,
      "cnt_recom": 6,
      "cnt_favorite": 35,
      "cnt_people": 0,
      "is_study": "FALSE",
      "is_ad": "FALSE",
      "is_favorite": "FALSE",
      "is_festival": "TRUE",
      "is_gidamu": "FALSE",
      "is_promise_book": "N",
      "is_etcGenre": "FALSE",
      "is_scenario": "FALSE",
      "is_finish": "FALSE",
      "is_blcontest": "FALSE",
      "is_adultrofan": "FALSE",
      "is_freecontest": "FALSE",
      "is_voted": "FALSE",
      "vote_result": "FALSE",
      "finish_state": "FALSE",
      "finish_nopaydate": null,
      "finish_price": null,
      "finished": null,
      "finish_freechapter": null,
      "finish_amt_price": null,
      "finish_payrate": null,
      "is_preview": "FALSE",
      "preview_openday": "FALSE",
      "preview_opentime": "FALSE",
      "preview_price": "FALSE",
      "premium_payrate": "FALSE",
      "is_premium": "FALSE",
      "premium_nopaydate": "FALSE",
      "premium_price": "FALSE",
      "premium_freechapter": "FALSE",
      "premium_change_date": "FALSE",
      "redate": "1611504420",
      "created": "20210115173030",
      "updated": "20210125010700",
      "modifyed": "20210125010700",
      "is_notice": "FALSE",
      "contest_icon": "mobile_icon_v2_festival.png",
      "contest_id": "6",
      "skin_id": "FALSE",
      "writer_level_icon_url": "http://cf.joara.com/writer_icon/ico_author20.png",
      "bookmark_sortno": 0,
      "heart_status": "",
      "is_festival_free": "FALSE",
      "is_letter": "FALSE",
      "festival_free_chapter": 0,
      "festival_medal_icon": "FALSE",
      "is_rofan": "FALSE",
      "premium_amt_price": "FALSE",
      "freecontest_chapter_phase": "FALSE",
      "is_adult": "FALSE",
      "is_promise": "TRUE",
      "category_name": "fantasy",
      "category_ko_name": "판타지",
      "is_nobless": "TRUE",
      "is_romancebl": "FALSE",
      "is_award": "FALSE",
      "head_icon_url": [
        "http://img.joara.com/view_img/s_g_icon.png"
      ],
      "new_head_icon_url": [
        "http://img.joara.com/view_img/mobile_icon_v2_s_g_icon.png"
      ],
      "icon_url": [
        "http://img.joara.com/view_img/a_nobless_nomal.png",
        "http://cf.joara.com/book_icon/mobile_icon_v2_festival.png"
      ],
      "new_icon_url": [
        "http://img.joara.com/view_img/mobile_icon_v2_nobless_normal.png",
        "http://cf.joara.com/book_icon/mobile_icon_v2_festival.png"
      ],
      "renew_icon_url": [
        "http://img.joara.com/view_img/mobile_icon_v2_nobless_normal.png",
        "http://cf.joara.com/book_icon/mobile_icon_v2_festival.png",
        "http://img.joara.com/view_img/mobile_icon_v2_s_g_icon.png"
      ],
      "cnt_total_comment": 0
    },
    {
      "book_code": "1520377",
      "showcostcategory": "1205",
      "category": "5",
      "sub_category": "5",
      "subject": "파티룸의비밀",
      "intro": "실화를 바탕으로 만들었고 상상력은 없다.\r\n\r\n브리즈번에서 만난 내 여친 비비안,난 그녀를 난교의 세계에 입문시킨다.\r\n거부하던 내 여친은 수백가지 다른 성향을 가진 커플들과 파티룸에서 만나,\r\n어느새 난교의 퀸으로 자리잡는다.\r\n\r\n상상력으로 끄적거린 책표지만 빨간,가짜 음란서적은 이제 버리자.\r\n당신이 상상하는 모든 것이 이책 안에 담겨있다.\r\n\r\n\r\n",
      "writer_id": "moomoo007",
      "writer_name": "스타일러",
      "writer_level": "",
      "total_bytes": "0",
      "book_img": "https://cf.joara.com/literature_file/20210119_1459569359.jpg_thumb.png",
      "chk_finish": "FALSE",
      "chk_rate": "FALSE",
      "rate_recom": "0",
      "cnt_rate": 0,
      "cnt_chapter": 12,
      "cnt_page_read": 2905,
      "cnt_recom": 24,
      "cnt_favorite": 43,
      "cnt_people": 0,
      "is_study": "FALSE",
      "is_ad": "FALSE",
      "is_favorite": "FALSE",
      "is_festival": "TRUE",
      "is_gidamu": "FALSE",
      "is_promise_book": "N",
      "is_etcGenre": "FALSE",
      "is_scenario": "FALSE",
      "is_finish": "FALSE",
      "is_blcontest": "FALSE",
      "is_adultrofan": "FALSE",
      "is_freecontest": "FALSE",
      "is_voted": "",
      "vote_result": "FALSE",
      "finish_state": "FALSE",
      "finish_nopaydate": null,
      "finish_price": null,
      "finished": null,
      "finish_freechapter": null,
      "finish_amt_price": null,
      "finish_payrate": null,
      "is_preview": "FALSE",
      "preview_openday": "FALSE",
      "preview_opentime": "FALSE",
      "preview_price": "FALSE",
      "premium_payrate": "FALSE",
      "is_premium": "FALSE",
      "premium_nopaydate": "FALSE",
      "premium_price": "FALSE",
      "premium_freechapter": "FALSE",
      "premium_change_date": "FALSE",
      "redate": "1611504235",
      "created": "20210119151739",
      "updated": "20210125010355",
      "modifyed": "20210125010355",
      "is_notice": "FALSE",
      "contest_icon": "mobile_icon_v2_festival.png",
      "contest_id": "6",
      "skin_id": "FALSE",
      "writer_level_icon_url": "",
      "bookmark_sortno": 0,
      "heart_status": "",
      "is_festival_free": "FALSE",
      "is_letter": "FALSE",
      "festival_free_chapter": 0,
      "festival_medal_icon": "FALSE",
      "is_rofan": "FALSE",
      "premium_amt_price": "FALSE",
      "freecontest_chapter_phase": "FALSE",
      "is_adult": "TRUE",
      "is_promise": "TRUE",
      "category_name": "love",
      "category_ko_name": "로맨스",
      "is_nobless": "TRUE",
      "is_romancebl": "TRUE",
      "is_award": "FALSE",
      "head_icon_url": [
        "http://img.joara.com/view_img/s_g_icon.png"
      ],
      "new_head_icon_url": [
        "http://img.joara.com/view_img/mobile_icon_v2_s_g_icon.png"
      ],
      "icon_url": [
        "http://img.joara.com/view_img/a_nobless.png",
        "http://cf.joara.com/book_icon/mobile_icon_v2_festival.png"
      ],
      "new_icon_url": [
        "http://img.joara.com/view_img/mobile_icon_v2_nobless.png",
        "http://cf.joara.com/book_icon/mobile_icon_v2_festival.png"
      ],
      "renew_icon_url": [
        "http://img.joara.com/view_img/mobile_icon_v2_nobless.png",
        "http://cf.joara.com/book_icon/mobile_icon_v2_festival.png",
        "http://img.joara.com/view_img/mobile_icon_v2_s_g_icon.png"
      ],
      "cnt_total_comment": 0
    },
    {
      "book_code": "1522055",
      "showcostcategory": "1220",
      "category": "20",
      "sub_category": "20",
      "subject": "매드니스 (madness)",
      "intro": "* 매드니스 (madness) \n: 1. 정신 이상, 광기\n  2. (위험할 수도 있는) 미친[어리석은] 행동\n\n[알파 오메가물]  열성 오메가인 차세혁과 우성 알파인 이정우, 그리고 베타의 이야기\n\n『형, 기억 나?\n\n여기, 형이 좋아하던 곳이었잖아. \n\n근데 왜 나 말고 다른 새끼랑 와? 오메가는 어쩔 수 없나 보네.』\n\n\n[다정공/댕댕공/ 알오물/ 미인수/집착광공/다공일수/ 사연많수]\n\n* 키워드는 수정될 수 있습니다\n* 재미있게 봐주세요! 감사합니다^ㅁ^",
      "writer_id": "b1c3l1y2",
      "writer_name": "온도차이",
      "writer_level": "",
      "total_bytes": "0",
      "book_img": "https://cf.joara.com/literature_file/merge/2021/01/16115042301426.jpg",
      "chk_finish": "FALSE",
      "chk_rate": "FALSE",
      "rate_recom": "0",
      "cnt_rate": 0,
      "cnt_chapter": 1,
      "cnt_page_read": 4,
      "cnt_recom": 0,
      "cnt_favorite": 3,
      "cnt_people": 0,
      "is_study": "FALSE",
      "is_ad": "FALSE",
      "is_favorite": "FALSE",
      "is_festival": "TRUE",
      "is_gidamu": "FALSE",
      "is_promise_book": "",
      "is_etcGenre": "FALSE",
      "is_scenario": "FALSE",
      "is_finish": "FALSE",
      "is_blcontest": "FALSE",
      "is_adultrofan": "FALSE",
      "is_freecontest": "FALSE",
      "is_voted": "",
      "vote_result": "FALSE",
      "finish_state": "FALSE",
      "finish_nopaydate": null,
      "finish_price": null,
      "finished": null,
      "finish_freechapter": null,
      "finish_amt_price": null,
      "finish_payrate": null,
      "is_preview": "FALSE",
      "preview_openday": "FALSE",
      "preview_opentime": "FALSE",
      "preview_price": "FALSE",
      "premium_payrate": "FALSE",
      "is_premium": "FALSE",
      "premium_nopaydate": "FALSE",
      "premium_price": "FALSE",
      "premium_freechapter": "FALSE",
      "premium_change_date": "FALSE",
      "redate": "1611504230",
      "created": "20210125010350",
      "updated": "20210125010350",
      "modifyed": "20210125010350",
      "is_notice": "FALSE",
      "contest_icon": "mobile_icon_v2_festival.png",
      "contest_id": "6",
      "skin_id": "FALSE",
      "writer_level_icon_url": "",
      "bookmark_sortno": 0,
      "heart_status": "",
      "is_festival_free": "FALSE",
      "is_letter": "FALSE",
      "festival_free_chapter": 0,
      "festival_medal_icon": "FALSE",
      "is_rofan": "FALSE",
      "premium_amt_price": "FALSE",
      "freecontest_chapter_phase": "FALSE",
      "is_adult": "TRUE",
      "is_promise": "FALSE",
      "category_name": "bl",
      "category_ko_name": "BL",
      "is_nobless": "TRUE",
      "is_romancebl": "TRUE",
      "is_award": "FALSE",
      "head_icon_url": [],
      "new_head_icon_url": [],
      "icon_url": [
        "http://img.joara.com/view_img/a_nobless.png",
        "http://cf.joara.com/book_icon/mobile_icon_v2_festival.png"
      ],
      "new_icon_url": [
        "http://img.joara.com/view_img/mobile_icon_v2_nobless.png",
        "http://cf.joara.com/book_icon/mobile_icon_v2_festival.png"
      ],
      "renew_icon_url": [
        "http://img.joara.com/view_img/mobile_icon_v2_nobless.png",
        "http://cf.joara.com/book_icon/mobile_icon_v2_festival.png"
      ],
      "cnt_total_comment": 0
    },
    {
      "book_code": "1521805",
      "showcostcategory": "1203",
      "category": "3",
      "sub_category": "7",
      "subject": "캠프",
      "intro": "새로운 세계에서 살아가는 사람들의 이야기",
      "writer_id": "sssin8612",
      "writer_name": "무전한량",
      "writer_level": "",
      "total_bytes": "0",
      "book_img": "https://cf.joara.com/literature_file/merge/2021/01/16114377798567.jpg",
      "chk_finish": "FALSE",
      "chk_rate": "FALSE",
      "rate_recom": "0",
      "cnt_rate": 0,
      "cnt_chapter": 6,
      "cnt_page_read": 31,
      "cnt_recom": 0,
      "cnt_favorite": 5,
      "cnt_people": 0,
      "is_study": "FALSE",
      "is_ad": "FALSE",
      "is_favorite": "FALSE",
      "is_festival": "TRUE",
      "is_gidamu": "FALSE",
      "is_promise_book": "N",
      "is_etcGenre": "FALSE",
      "is_scenario": "FALSE",
      "is_finish": "FALSE",
      "is_blcontest": "FALSE",
      "is_adultrofan": "FALSE",
      "is_freecontest": "FALSE",
      "is_voted": "",
      "vote_result": "FALSE",
      "finish_state": "FALSE",
      "finish_nopaydate": null,
      "finish_price": null,
      "finished": null,
      "finish_freechapter": null,
      "finish_amt_price": null,
      "finish_payrate": null,
      "is_preview": "FALSE",
      "preview_openday": "FALSE",
      "preview_opentime": "FALSE",
      "preview_price": "FALSE",
      "premium_payrate": "FALSE",
      "is_premium": "FALSE",
      "premium_nopaydate": "FALSE",
      "premium_price": "FALSE",
      "premium_freechapter": "FALSE",
      "premium_change_date": "FALSE",
      "redate": "1611504198",
      "created": "20210124063620",
      "updated": "20210125010318",
      "modifyed": "20210125010318",
      "is_notice": "FALSE",
      "contest_icon": "mobile_icon_v2_festival.png",
      "contest_id": "6",
      "skin_id": "FALSE",
      "writer_level_icon_url": "",
      "bookmark_sortno": 0,
      "heart_status": "",
      "is_festival_free": "FALSE",
      "is_letter": "FALSE",
      "festival_free_chapter": 0,
      "festival_medal_icon": "FALSE",
      "is_rofan": "FALSE",
      "premium_amt_price": "FALSE",
      "freecontest_chapter_phase": "FALSE",
      "is_adult": "TRUE",
      "is_promise": "TRUE",
      "category_name": "fusion",
      "category_ko_name": "퓨전",
      "is_nobless": "TRUE",
      "is_romancebl": "FALSE",
      "is_award": "FALSE",
      "head_icon_url": [
        "http://img.joara.com/view_img/s_g_icon.png"
      ],
      "new_head_icon_url": [
        "http://img.joara.com/view_img/mobile_icon_v2_s_g_icon.png"
      ],
      "icon_url": [
        "http://img.joara.com/view_img/a_nobless.png",
        "http://cf.joara.com/book_icon/mobile_icon_v2_festival.png"
      ],
      "new_icon_url": [
        "http://img.joara.com/view_img/mobile_icon_v2_nobless.png",
        "http://cf.joara.com/book_icon/mobile_icon_v2_festival.png"
      ],
      "renew_icon_url": [
        "http://img.joara.com/view_img/mobile_icon_v2_nobless.png",
        "http://cf.joara.com/book_icon/mobile_icon_v2_festival.png",
        "http://img.joara.com/view_img/mobile_icon_v2_s_g_icon.png"
      ],
      "cnt_total_comment": 0
    },
    {
      "book_code": "1518649",
      "showcostcategory": "1201",
      "category": "1",
      "sub_category": "3",
      "subject": "왕의 딸",
      "intro": "\"저 야산을 건들면 모두 죽어!\" \r\n아파트 공사장에서 매일 아침 꽃을 꽂은 여인이 나타나 경고를 한다.\r\n야산의 반을 부술때쯤 흰 바윗돌을 건드리자, 인부 셋이 죽는다. 마치 감전이 된 듯 그들은 즉사하였다. \r\n공사 현장은 모두 멈추었다.\r\n \r\n불가항력의 힘으로 자신도 모르게 바위에 손을 댄 민.\r\n순간 어떤 여인의 환상을 보게 되는데....\r\n흰 비단 당의에 금색 실로 땋은 머리, 태양처럼 빛나는 날개, 댕기에 '貴(귀할 귀)'자가 쓰여 있는 여인.\r\n한 달 뒤에 깨어나게 된 민은 자신이 500년 전의 석관을 끌어안고 쓰러져 있었다는 것을 알게 된다. 기이한 문양의 석관. 뚜껑조차 없이 조각된 관. 학계에서는 역사에서 삭제된 10년의 기록과 이 관이 깊이 연계되었음을 알게 되고 비밀리에 조사를 하기 시작하는데...\r\n\r\n허나 어떠한 방식으로도 열리지 않는 관. \r\n\r\n오직 민에 의해서만 열리는 관. 아무 기억도 없는데 여인을 보고 자꾸 눈물이 나는 민. 그녀가 누구인지 기억하게 해달라고 간절히 바라게 되는데...\r\n\r\n그러자, 관 속의 뼈들이 하나둘씩 연결되면서 복사꽃처럼 화사한  관 속의 소녀가 되살아난다. \r\n\r\n...그리고 500년 전의 이야기가 시작된다. \r\n",
      "writer_id": "kimm211",
      "writer_name": "이일일",
      "writer_level": "",
      "total_bytes": "0",
      "book_img": "https://cf.joara.com/literature_file/merge/2021/01/16109816756617.jpg",
      "chk_finish": "FALSE",
      "chk_rate": "FALSE",
      "rate_recom": "0",
      "cnt_rate": 0,
      "cnt_chapter": 14,
      "cnt_page_read": 407,
      "cnt_recom": 34,
      "cnt_favorite": 11,
      "cnt_people": 0,
      "is_study": "FALSE",
      "is_ad": "FALSE",
      "is_favorite": "FALSE",
      "is_festival": "TRUE",
      "is_gidamu": "FALSE",
      "is_promise_book": "N",
      "is_etcGenre": "FALSE",
      "is_scenario": "FALSE",
      "is_finish": "FALSE",
      "is_blcontest": "FALSE",
      "is_adultrofan": "FALSE",
      "is_freecontest": "FALSE",
      "is_voted": "FALSE",
      "vote_result": "FALSE",
      "finish_state": "FALSE",
      "finish_nopaydate": null,
      "finish_price": null,
      "finished": null,
      "finish_freechapter": null,
      "finish_amt_price": null,
      "finish_payrate": null,
      "is_preview": "FALSE",
      "preview_openday": "FALSE",
      "preview_opentime": "FALSE",
      "preview_price": "FALSE",
      "premium_payrate": "FALSE",
      "is_premium": "FALSE",
      "premium_nopaydate": "FALSE",
      "premium_price": "FALSE",
      "premium_freechapter": "FALSE",
      "premium_change_date": "FALSE",
      "redate": "1611504039",
      "created": "20210114023213",
      "updated": "20210125010039",
      "modifyed": "20210125010039",
      "is_notice": "FALSE",
      "contest_icon": "mobile_icon_v2_festival.png",
      "contest_id": "6",
      "skin_id": "FALSE",
      "writer_level_icon_url": "",
      "bookmark_sortno": 0,
      "heart_status": "",
      "is_festival_free": "FALSE",
      "is_letter": "FALSE",
      "festival_free_chapter": 0,
      "festival_medal_icon": "FALSE",
      "is_rofan": "FALSE",
      "premium_amt_price": "FALSE",
      "freecontest_chapter_phase": "FALSE",
      "is_adult": "FALSE",
      "is_promise": "TRUE",
      "category_name": "fantasy",
      "category_ko_name": "판타지",
      "is_nobless": "TRUE",
      "is_romancebl": "FALSE",
      "is_award": "FALSE",
      "head_icon_url": [
        "http://img.joara.com/view_img/s_g_icon.png"
      ],
      "new_head_icon_url": [
        "http://img.joara.com/view_img/mobile_icon_v2_s_g_icon.png"
      ],
      "icon_url": [
        "http://img.joara.com/view_img/a_nobless_nomal.png",
        "http://cf.joara.com/book_icon/mobile_icon_v2_festival.png"
      ],
      "new_icon_url": [
        "http://img.joara.com/view_img/mobile_icon_v2_nobless_normal.png",
        "http://cf.joara.com/book_icon/mobile_icon_v2_festival.png"
      ],
      "renew_icon_url": [
        "http://img.joara.com/view_img/mobile_icon_v2_nobless_normal.png",
        "http://cf.joara.com/book_icon/mobile_icon_v2_festival.png",
        "http://img.joara.com/view_img/mobile_icon_v2_s_g_icon.png"
      ],
      "cnt_total_comment": 0
    },
    {
      "book_code": "1522050",
      "showcostcategory": "1201",
      "category": "1",
      "sub_category": "3",
      "subject": "소설 속 천재엑스트라",
      "intro": "리메이크하기로 한 소설 속에서 리메이크하기로 하였다",
      "writer_id": "goseng3996",
      "writer_name": "칠계절",
      "writer_level": "",
      "total_bytes": "0",
      "book_img": "https://cf.joara.com/literature_file/merge/2021/01/16115038607532.jpg",
      "chk_finish": "FALSE",
      "chk_rate": "TRUE",
      "rate_recom": "0",
      "cnt_rate": 0,
      "cnt_chapter": 1,
      "cnt_page_read": 1,
      "cnt_recom": 0,
      "cnt_favorite": 1,
      "cnt_people": 0,
      "is_study": "FALSE",
      "is_ad": "FALSE",
      "is_favorite": "FALSE",
      "is_festival": "TRUE",
      "is_gidamu": "FALSE",
      "is_promise_book": "",
      "is_etcGenre": "FALSE",
      "is_scenario": "FALSE",
      "is_finish": "FALSE",
      "is_blcontest": "FALSE",
      "is_adultrofan": "FALSE",
      "is_freecontest": "FALSE",
      "is_voted": "FALSE",
      "vote_result": "FALSE",
      "finish_state": "FALSE",
      "finish_nopaydate": null,
      "finish_price": null,
      "finished": null,
      "finish_freechapter": null,
      "finish_amt_price": null,
      "finish_payrate": null,
      "is_preview": "FALSE",
      "preview_openday": "FALSE",
      "preview_opentime": "FALSE",
      "preview_price": "FALSE",
      "premium_payrate": "FALSE",
      "is_premium": "FALSE",
      "premium_nopaydate": "FALSE",
      "premium_price": "FALSE",
      "premium_freechapter": "FALSE",
      "premium_change_date": "FALSE",
      "redate": "1611503860",
      "created": "20210125005740",
      "updated": "20210125005740",
      "modifyed": "20210125005740",
      "is_notice": "FALSE",
      "contest_icon": "mobile_icon_v2_festival.png",
      "contest_id": "6",
      "skin_id": "FALSE",
      "writer_level_icon_url": "",
      "bookmark_sortno": 0,
      "heart_status": "",
      "is_festival_free": "FALSE",
      "is_letter": "FALSE",
      "festival_free_chapter": 0,
      "festival_medal_icon": "FALSE",
      "is_rofan": "FALSE",
      "premium_amt_price": "FALSE",
      "freecontest_chapter_phase": "FALSE",
      "is_adult": "FALSE",
      "is_promise": "FALSE",
      "category_name": "fantasy",
      "category_ko_name": "판타지",
      "is_nobless": "TRUE",
      "is_romancebl": "FALSE",
      "is_award": "FALSE",
      "head_icon_url": [],
      "new_head_icon_url": [],
      "icon_url": [
        "http://img.joara.com/view_img/a_nobless_nomal.png",
        "http://cf.joara.com/book_icon/mobile_icon_v2_festival.png"
      ],
      "new_icon_url": [
        "http://img.joara.com/view_img/mobile_icon_v2_nobless_normal.png",
        "http://cf.joara.com/book_icon/mobile_icon_v2_festival.png"
      ],
      "renew_icon_url": [
        "http://img.joara.com/view_img/mobile_icon_v2_nobless_normal.png",
        "http://cf.joara.com/book_icon/mobile_icon_v2_festival.png"
      ],
      "cnt_total_comment": 0
    },
    {
      "book_code": "1519281",
      "showcostcategory": "1205",
      "category": "5",
      "sub_category": "5",
      "subject": "친근한 가족 만들기",
      "intro": "근친상간 엄마 누나 여동생 이모 사촌 가족들의 하렘",
      "writer_id": "p4147691",
      "writer_name": "orga82",
      "writer_level": "",
      "total_bytes": "0",
      "book_img": "https://cf.joara.com/literature_file/cover_file/20190408_102621.jpg",
      "chk_finish": "FALSE",
      "chk_rate": "FALSE",
      "rate_recom": "0",
      "cnt_rate": 0,
      "cnt_chapter": 8,
      "cnt_page_read": 3946,
      "cnt_recom": 32,
      "cnt_favorite": 136,
      "cnt_people": 0,
      "is_study": "FALSE",
      "is_ad": "FALSE",
      "is_favorite": "FALSE",
      "is_festival": "TRUE",
      "is_gidamu": "FALSE",
      "is_promise_book": "N",
      "is_etcGenre": "FALSE",
      "is_scenario": "FALSE",
      "is_finish": "FALSE",
      "is_blcontest": "FALSE",
      "is_adultrofan": "FALSE",
      "is_freecontest": "FALSE",
      "is_voted": "",
      "vote_result": "FALSE",
      "finish_state": "FALSE",
      "finish_nopaydate": null,
      "finish_price": null,
      "finished": null,
      "finish_freechapter": null,
      "finish_amt_price": null,
      "finish_payrate": null,
      "is_preview": "FALSE",
      "preview_openday": "FALSE",
      "preview_opentime": "FALSE",
      "preview_price": "FALSE",
      "premium_payrate": "FALSE",
      "is_premium": "FALSE",
      "premium_nopaydate": "FALSE",
      "premium_price": "FALSE",
      "premium_freechapter": "FALSE",
      "premium_change_date": "FALSE",
      "redate": "1611503805",
      "created": "20210116001647",
      "updated": "20210125005645",
      "modifyed": "20210125005645",
      "is_notice": "FALSE",
      "contest_icon": "mobile_icon_v2_festival.png",
      "contest_id": "6",
      "skin_id": "FALSE",
      "writer_level_icon_url": "",
      "bookmark_sortno": 0,
      "heart_status": "",
      "is_festival_free": "FALSE",
      "is_letter": "FALSE",
      "festival_free_chapter": 0,
      "festival_medal_icon": "FALSE",
      "is_rofan": "FALSE",
      "premium_amt_price": "FALSE",
      "freecontest_chapter_phase": "FALSE",
      "is_adult": "TRUE",
      "is_promise": "TRUE",
      "category_name": "love",
      "category_ko_name": "로맨스",
      "is_nobless": "TRUE",
      "is_romancebl": "TRUE",
      "is_award": "FALSE",
      "head_icon_url": [
        "http://img.joara.com/view_img/s_g_icon.png"
      ],
      "new_head_icon_url": [
        "http://img.joara.com/view_img/mobile_icon_v2_s_g_icon.png"
      ],
      "icon_url": [
        "http://img.joara.com/view_img/a_nobless.png",
        "http://cf.joara.com/book_icon/mobile_icon_v2_festival.png"
      ],
      "new_icon_url": [
        "http://img.joara.com/view_img/mobile_icon_v2_nobless.png",
        "http://cf.joara.com/book_icon/mobile_icon_v2_festival.png"
      ],
      "renew_icon_url": [
        "http://img.joara.com/view_img/mobile_icon_v2_nobless.png",
        "http://cf.joara.com/book_icon/mobile_icon_v2_festival.png",
        "http://img.joara.com/view_img/mobile_icon_v2_s_g_icon.png"
      ],
      "cnt_total_comment": 0
    },
    {
      "book_code": "1521364",
      "showcostcategory": "1205",
      "category": "5",
      "sub_category": "22",
      "subject": "미연의 숲",
      "intro": "모든게 지루하고 권태롭기만 한 미연. 미연은 충독적으로 하와이로 휴가를 떠난다. \" 그 숲에는 신이 내려온다오. \" 그날 하와이의 신비한 숲에서 미연은 잊을 수 없는 강렬한 섹스를 한다. ",
      "writer_id": "seoullsj",
      "writer_name": "금령(金鈴)",
      "writer_level": "30",
      "total_bytes": "0",
      "book_img": "https://cf.joara.com/literature_file/20210122_2252442969.jpg_thumb.png",
      "chk_finish": "FALSE",
      "chk_rate": "FALSE",
      "rate_recom": "0",
      "cnt_rate": 0,
      "cnt_chapter": 2,
      "cnt_page_read": 45,
      "cnt_recom": 2,
      "cnt_favorite": 8,
      "cnt_people": 0,
      "is_study": "FALSE",
      "is_ad": "FALSE",
      "is_favorite": "FALSE",
      "is_festival": "TRUE",
      "is_gidamu": "FALSE",
      "is_promise_book": "",
      "is_etcGenre": "FALSE",
      "is_scenario": "FALSE",
      "is_finish": "FALSE",
      "is_blcontest": "FALSE",
      "is_adultrofan": "FALSE",
      "is_freecontest": "FALSE",
      "is_voted": "",
      "vote_result": "FALSE",
      "finish_state": "FALSE",
      "finish_nopaydate": null,
      "finish_price": null,
      "finished": null,
      "finish_freechapter": null,
      "finish_amt_price": null,
      "finish_payrate": null,
      "is_preview": "FALSE",
      "preview_openday": "FALSE",
      "preview_opentime": "FALSE",
      "preview_price": "FALSE",
      "premium_payrate": "FALSE",
      "is_premium": "FALSE",
      "premium_nopaydate": "FALSE",
      "premium_price": "FALSE",
      "premium_freechapter": "FALSE",
      "premium_change_date": "FALSE",
      "redate": "1611503650",
      "created": "20210122224920",
      "updated": "20210125005410",
      "modifyed": "20210125005410",
      "is_notice": "FALSE",
      "contest_icon": "mobile_icon_v2_festival.png",
      "contest_id": "6",
      "skin_id": "FALSE",
      "writer_level_icon_url": "http://cf.joara.com/writer_icon/ico_author30.png",
      "bookmark_sortno": 0,
      "heart_status": "",
      "is_festival_free": "FALSE",
      "is_letter": "FALSE",
      "festival_free_chapter": 0,
      "festival_medal_icon": "FALSE",
      "is_rofan": "FALSE",
      "premium_amt_price": "FALSE",
      "freecontest_chapter_phase": "FALSE",
      "is_adult": "TRUE",
      "is_promise": "FALSE",
      "category_name": "love",
      "category_ko_name": "로맨스",
      "is_nobless": "TRUE",
      "is_romancebl": "TRUE",
      "is_award": "FALSE",
      "head_icon_url": [],
      "new_head_icon_url": [],
      "icon_url": [
        "http://img.joara.com/view_img/a_nobless.png",
        "http://cf.joara.com/book_icon/mobile_icon_v2_festival.png"
      ],
      "new_icon_url": [
        "http://img.joara.com/view_img/mobile_icon_v2_nobless.png",
        "http://cf.joara.com/book_icon/mobile_icon_v2_festival.png"
      ],
      "renew_icon_url": [
        "http://img.joara.com/view_img/mobile_icon_v2_nobless.png",
        "http://cf.joara.com/book_icon/mobile_icon_v2_festival.png"
      ],
      "cnt_total_comment": 0
    }
  ]
}