{
  "status": 1,
  "total_cnt": "19023",
  "page": 1,
  "offset": 25,
  "books": [
    {
      "book_code": "1534761",
      "showcostcategory": "1022",
      "category": "22",
      "sub_category": "0",
      "subject": "황후가 아니라 마탑주가 되겠습니다",
      "intro": "나는 내 가문을 지키기 위해 기꺼이 황태자비가 되었다.\r\n평민이나 다름없었던 내가 피나는 노력을 해서 겨우 황태자비가 됬더니..\r\n황태자는 동생이랑 바람나고, 어머니는 재산을 말아먹었다.\r\n이혼하고 가문이랑 연끊고 마탑주나 되련다\r\n\r\n#이혼물 #오피스물 #절세미인여주 #일단 남주는 황태자 아님 #로맨스 30 판타지 70\r\n#리메이크작 #전개는 전작보다 느려짐",
      "writer_id": "kmtso43",
      "writer_name": "사히라",
      "writer_level": "20",
      "total_bytes": "0",
      "book_img": "https://cf.joara.com/literature_file/20210314_1433353464.png_thumb.png",
      "chk_finish": "FALSE",
      "chk_rate": "FALSE",
      "rate_recom": "0",
      "cnt_rate": 0,
      "cnt_chapter": 16,
      "cnt_page_read": 2564,
      "cnt_recom": 89,
      "cnt_favorite": 284,
      "cnt_people": 0,
      "is_study": "FALSE",
      "is_ad": "FALSE",
      "is_favorite": "TRUE",
      "is_festival": "FALSE",
      "is_gidamu": "FALSE",
      "is_promise_book": "",
      "is_etcGenre": "FALSE",
      "is_scenario": "FALSE",
      "is_finish": "FALSE",
      "is_blcontest": "FALSE",
      "is_adultrofan": "FALSE",
      "is_freecontest": "FALSE",
      "is_voted": "FALSE",
      "vote_result": "FALSE",
      "finish_state": "FALSE",
      "finish_nopaydate": null,
      "finish_price": null,
      "finished": null,
      "finish_freechapter": null,
      "finish_amt_price": null,
      "finish_payrate": null,
      "is_preview": "FALSE",
      "preview_openday": "FALSE",
      "preview_opentime": "FALSE",
      "preview_price": "FALSE",
      "premium_payrate": "FALSE",
      "is_premium": "FALSE",
      "premium_nopaydate": "FALSE",
      "premium_price": "FALSE",
      "premium_freechapter": "FALSE",
      "premium_change_date": "FALSE",
      "redate": "1615901333",
      "created": "20210314144115",
      "updated": "20210316222853",
      "modifyed": "20210316222853",
      "writer_level_icon_url": "https://cf.joara.com/writer_icon/ico_author20.png",
      "heart_status": "",
      "is_festival_free": "FALSE",
      "is_letter": "FALSE",
      "festival_free_chapter": 0,
      "festival_medal_icon": "FALSE",
      "freecontest_chapter_phase": "FALSE",
      "is_notice": "FALSE",
      "premium_amt_price": "FALSE",
      "skin_id": "FALSE",
      "bookmark_sortno": 0,
      "is_rofan": "FALSE",
      "contest_icon": "FALSE",
      "contest_id": "FALSE",
      "is_adult": "FALSE",
      "is_promise": "FALSE",
      "category_name": "rofan",
      "category_ko_name": "로판",
      "is_nobless": "FALSE",
      "is_romancebl": "TRUE",
      "is_award": "FALSE",
      "head_icon_url": [],
      "new_head_icon_url": [],
      "icon_url": [],
      "new_icon_url": [],
      "renew_icon_url": [],
      "pc_icon_url": [],
      "cnt_total_comment": 0
    },
    {
      "book_code": "1531177",
      "showcostcategory": "1022",
      "category": "22",
      "sub_category": "22",
      "subject": "당신의 첫사랑과 닮았다는 이유로",
      "intro": "#회빙환x #후회물 #후회남주 #집착남주 #약피폐 #체념여주 #무심여주 #상처녀 #쌍방오해\r\n\r\n\r\n‘미안하다’는 말만을 남기고 첫사랑이 홀연히 사라졌다. 오 년간 대륙을 다 뒤져도 찾을 수 없었다. 그런데 찾았다. 남부의 조그마한 공국에서.\r\n\r\n“기다린 것만 벌써 몇 년이었나.”\r\n\r\n아디스는 이번에야말로 그녀를 손에 넣어야겠다고 생각했다. 어르고 달래며 친절하게 굴 것이 아니라 조금 강압적이어도 좋으니 제 곁에서 빠져나갈 수 없게 만들고 싶었다.\r\n\r\n그리고 다 무너진 건물 틈새로 너를 발견했다. 아, 지금이다. 이대로 붙잡아 영영 놓아주지 말아야지.\r\n\r\n“오랜만이야.”\r\n\r\n오래 기다렸어.\r\n\r\n***\r\n\r\n남부에는 이름 없는 여자가 산다. 여자의 수식어는 ‘아이리’였다. 눈이 아이리스 꽃을 닮았다고 하여 지어진 이름이었다.\r\n\r\n마을에 오래 산 사람이라면 그녀의 이야기를 한번쯤 들어봤을 것이다. 나이가 몇인지도 모르고 고향이 어딘지도 모르는 백치가 바로 그녀였다.\r\n\r\n그럼에도 여자는 행복했다.  그녀는 가슴 깊이 이 생활이 오래토록 지속되기를 빌었다. 과거의 생이 어떠했든 지금보다 행복할 수는 없을 게 분명하니.\r\n\r\n하지만.\r\n\r\n“오랜만이야. 잘 지냈어?”\r\n\r\n이름 모를 남자가 찾아와 끌고 가려 한다.\r\n\r\n“누, 누구세요...?”\r\n“정말 다 잊었구나.”\r\n“도무지 무슨 소리인지...”\r\n“네 가족들을 포로로 잡았어.“\r\n\r\n뒤에는 밧줄로 묶인 가족이 있었다.\r\n\r\n“나랑 갈래, 아니면...”\r\n\r\n아디스가 잠시 뜸을 들이다 말했다.\r\n\r\n“죽일까.”\r\n\r\n겨누어지는 총구에 나는 그를 따를 수밖에 없었다.\r\n\r\n빠져나갈 출구가 없는 게 분명했다. 남자는 날 놓아주려는 생각이 없어보였다. 그래서 어쩔 수 없이 그를 따라갔다.\r\n\r\n하지만 나는 알지 못한다. 그가 대체 내게 왜 이러는지.\r\n\r\n\r\n",
      "writer_id": "foryour0520",
      "writer_name": "하해언",
      "writer_level": "",
      "total_bytes": "0",
      "book_img": "https://cf.joara.com/literature_file/20210309_1011294622.jpg_thumb.png",
      "chk_finish": "FALSE",
      "chk_rate": "FALSE",
      "rate_recom": "0",
      "cnt_rate": 0,
      "cnt_chapter": 3,
      "cnt_page_read": 1210,
      "cnt_recom": 28,
      "cnt_favorite": 112,
      "cnt_people": 0,
      "is_study": "FALSE",
      "is_ad": "FALSE",
      "is_favorite": "TRUE",
      "is_festival": "FALSE",
      "is_gidamu": "FALSE",
      "is_promise_book": "",
      "is_etcGenre": "FALSE",
      "is_scenario": "FALSE",
      "is_finish": "FALSE",
      "is_blcontest": "FALSE",
      "is_adultrofan": "FALSE",
      "is_freecontest": "FALSE",
      "is_voted": "FALSE",
      "vote_result": "FALSE",
      "finish_state": "FALSE",
      "finish_nopaydate": null,
      "finish_price": null,
      "finished": null,
      "finish_freechapter": null,
      "finish_amt_price": null,
      "finish_payrate": null,
      "is_preview": "FALSE",
      "preview_openday": "FALSE",
      "preview_opentime": "FALSE",
      "preview_price": "FALSE",
      "premium_payrate": "FALSE",
      "is_premium": "FALSE",
      "premium_nopaydate": "FALSE",
      "premium_price": "FALSE",
      "premium_freechapter": "FALSE",
      "premium_change_date": "FALSE",
      "redate": "1615901256",
      "created": "20210227082408",
      "updated": "20210316222736",
      "modifyed": "20210316222736",
      "writer_level_icon_url": "",
      "heart_status": "",
      "is_festival_free": "FALSE",
      "is_letter": "FALSE",
      "festival_free_chapter": 0,
      "festival_medal_icon": "FALSE",
      "freecontest_chapter_phase": "FALSE",
      "is_notice": "FALSE",
      "premium_amt_price": "FALSE",
      "skin_id": "FALSE",
      "bookmark_sortno": 0,
      "is_rofan": "FALSE",
      "contest_icon": "FALSE",
      "contest_id": "FALSE",
      "is_adult": "FALSE",
      "is_promise": "FALSE",
      "category_name": "rofan",
      "category_ko_name": "로판",
      "is_nobless": "FALSE",
      "is_romancebl": "TRUE",
      "is_award": "FALSE",
      "head_icon_url": [],
      "new_head_icon_url": [],
      "icon_url": [],
      "new_icon_url": [],
      "renew_icon_url": [],
      "pc_icon_url": [],
      "cnt_total_comment": 0
    },
    {
      "book_code": "1532029",
      "showcostcategory": "1022",
      "category": "22",
      "sub_category": "22",
      "subject": "남주를 죽이려 합니다",
      "intro": "\"내가  당신 구해줄게요. 대신 당신도 날 도와.\" \r\n\"거래를 하자는 건가?\"   거절할 수 없을 거다.  \r\n당신에게는 내가, 나에게는 당신이 필요해.\r\n\r\n\"반란을 일으킬 셈인가?\"",
      "writer_id": "mongospot",
      "writer_name": "몽고반점1",
      "writer_level": "",
      "total_bytes": "0",
      "book_img": "https://cf.joara.com/literature_file/20210311_0101114986.png_thumb.png",
      "chk_finish": "FALSE",
      "chk_rate": "TRUE",
      "rate_recom": "0",
      "cnt_rate": 0,
      "cnt_chapter": 13,
      "cnt_page_read": 50,
      "cnt_recom": 0,
      "cnt_favorite": 5,
      "cnt_people": 0,
      "is_study": "FALSE",
      "is_ad": "FALSE",
      "is_favorite": "FALSE",
      "is_festival": "FALSE",
      "is_gidamu": "FALSE",
      "is_promise_book": "",
      "is_etcGenre": "FALSE",
      "is_scenario": "FALSE",
      "is_finish": "FALSE",
      "is_blcontest": "FALSE",
      "is_adultrofan": "FALSE",
      "is_freecontest": "FALSE",
      "is_voted": "FALSE",
      "vote_result": "FALSE",
      "finish_state": "FALSE",
      "finish_nopaydate": null,
      "finish_price": null,
      "finished": null,
      "finish_freechapter": null,
      "finish_amt_price": null,
      "finish_payrate": null,
      "is_preview": "FALSE",
      "preview_openday": "FALSE",
      "preview_opentime": "FALSE",
      "preview_price": "FALSE",
      "premium_payrate": "FALSE",
      "is_premium": "FALSE",
      "premium_nopaydate": "FALSE",
      "premium_price": "FALSE",
      "premium_freechapter": "FALSE",
      "premium_change_date": "FALSE",
      "redate": "1615901149",
      "created": "20210302095409",
      "updated": "20210316222549",
      "modifyed": "20210316222549",
      "writer_level_icon_url": "",
      "heart_status": "",
      "is_festival_free": "FALSE",
      "is_letter": "FALSE",
      "festival_free_chapter": 0,
      "festival_medal_icon": "FALSE",
      "freecontest_chapter_phase": "FALSE",
      "is_notice": "FALSE",
      "premium_amt_price": "FALSE",
      "skin_id": "FALSE",
      "bookmark_sortno": 0,
      "is_rofan": "FALSE",
      "contest_icon": "FALSE",
      "contest_id": "FALSE",
      "is_adult": "FALSE",
      "is_promise": "FALSE",
      "category_name": "rofan",
      "category_ko_name": "로판",
      "is_nobless": "FALSE",
      "is_romancebl": "TRUE",
      "is_award": "FALSE",
      "head_icon_url": [],
      "new_head_icon_url": [],
      "icon_url": [],
      "new_icon_url": [],
      "renew_icon_url": [],
      "pc_icon_url": [],
      "cnt_total_comment": 0
    },
    {
      "book_code": "1534935",
      "showcostcategory": "1022",
      "category": "22",
      "sub_category": "22",
      "subject": "누군가 귓가에 꿈속이라 속삭이거든",
      "intro": "불행하고도 치열한 삶을 살아온 암살자, 소르벳.\n\n\"대공을 죽여라.\"\n\n그녀에게 거액의 돈과 함께 들어온 의뢰.\n\n정보상에게 얻은 자료에 따르면 대공은 병으로 사경을 헤매는 상황. 소르벳은 신중하게 대공의 주변을 맴돌며 그를 살폈고 계획한대로 독이 든 잔을 든 채 침실 안으로 침입했다.\n\n소르벳은 자신 있었다. 그를 대면하기 전까진.\n\n\"왜 한동안 날 보러 오지 않았나.\"\n\n\"보러 온 게 아니라 죽이러 온 거야.\"\n\n분명 다 죽어가고 있다 들었는데 지금 눈 앞의 남자는 대체 뭐란 말인가. 소르벳은 독이 든 잔을 던지고 품 안의 칼을 단단히 잡아 쥐었다. 대공은 느릿하게 창밖으로 시선을 돌리며 읊조렸다.\n\n\"깨어났나.\"\n\n\"이게 지금 무슨 상황이야?\"\n\n소르벳이 경악에 찬 얼굴로 소리쳤다.\n\n세상이 멈췄다. 흔들리던 나뭇잎도, 성 밖의 기사도, 밀회를 즐기던 하녀와 시종도. 전부 돌이 된 것처럼 멈추었다. 충격으로 얼어붙은 소르벳의 곁으로 대공이 다가와 섰다.\n\n\"이 세상이 누군가의 꿈 속이라고 말한다면 믿어줄 수 있는가.\"\n\n\"대체 누구의 꿈 속인건데. 혹시 당신?\"\n\n대공의 입술이 느른하게 늘어졌다.\n\n\"짐작가는 곳은 있지.\"\n\n\"당신처럼 병석에 누워 일어나지 못하는 사람. 설마 황녀?\"\n\n소르벳은 헛웃음을 쳤다. 여기가 누군가의 꿈 속이라니. 혼란에 빠진 소르벳의 귓가에 차가운 입술이 스쳤다.\n\n\"어떤가. 나와 함께 이 꿈 속을 빠져나가는 건.\"\n\n\"빠져나가지 않으면 어떻게 되는데.\"\n\n\"꿈을 꾸는 자의 체스말이 되는 거지.\"\n\n소르벳은 내키지 않는 얼굴로 대공을 보다 이내 손을 내밀었다. 대공이 유혹하듯 미소지으며 소르벳의 손을 마주 잡았다. 누군가의 꿈 속 들러리가 아닌 실재하는 존재가 되기 위한 임시동맹이었다.\n\n치열하게 살았으나 결국 불행했던 소르벳. \n\n정체를 알 수 없는 비밀스러운 대공.\n\n둘은 누군가의 꿈 속에서 벗어나 감정의 자유를 되찾을 수 있을까. 감정의 지유를 되찾은 후 그들은 어떻게 될까.\n\n**\n\n\"일어나요, 공작님.\"\n\n소르벳의 부드러운 목소리에 데르니얼 스카르 대공의 눈꺼풀이 서서히 올라갔다. 소르벳은 데르의 귓가에 나직이 속삭였다.\n\n\"데르. 이제 나를 사랑할 시간이야.\"",
      "writer_id": "jhokj3",
      "writer_name": "허연귤",
      "writer_level": "",
      "total_bytes": "0",
      "book_img": "https://cf.joara.com/literature_file/1788820_1615738764_thumb.jpg",
      "chk_finish": "FALSE",
      "chk_rate": "FALSE",
      "rate_recom": "0",
      "cnt_rate": 0,
      "cnt_chapter": 2,
      "cnt_page_read": 6,
      "cnt_recom": 0,
      "cnt_favorite": 7,
      "cnt_people": 0,
      "is_study": "FALSE",
      "is_ad": "FALSE",
      "is_favorite": "TRUE",
      "is_festival": "FALSE",
      "is_gidamu": "FALSE",
      "is_promise_book": "",
      "is_etcGenre": "FALSE",
      "is_scenario": "FALSE",
      "is_finish": "FALSE",
      "is_blcontest": "FALSE",
      "is_adultrofan": "FALSE",
      "is_freecontest": "FALSE",
      "is_voted": "FALSE",
      "vote_result": "FALSE",
      "finish_state": "FALSE",
      "finish_nopaydate": null,
      "finish_price": null,
      "finished": null,
      "finish_freechapter": null,
      "finish_amt_price": null,
      "finish_payrate": null,
      "is_preview": "FALSE",
      "preview_openday": "FALSE",
      "preview_opentime": "FALSE",
      "preview_price": "FALSE",
      "premium_payrate": "FALSE",
      "is_premium": "FALSE",
      "premium_nopaydate": "FALSE",
      "premium_price": "FALSE",
      "premium_freechapter": "FALSE",
      "premium_change_date": "FALSE",
      "redate": "1615900943",
      "created": "20210315011924",
      "updated": "20210316222223",
      "modifyed": "20210316222223",
      "writer_level_icon_url": "",
      "heart_status": "",
      "is_festival_free": "FALSE",
      "is_letter": "FALSE",
      "festival_free_chapter": 0,
      "festival_medal_icon": "FALSE",
      "freecontest_chapter_phase": "FALSE",
      "is_notice": "FALSE",
      "premium_amt_price": "FALSE",
      "skin_id": "FALSE",
      "bookmark_sortno": 0,
      "is_rofan": "FALSE",
      "contest_icon": "FALSE",
      "contest_id": "FALSE",
      "is_adult": "FALSE",
      "is_promise": "FALSE",
      "category_name": "rofan",
      "category_ko_name": "로판",
      "is_nobless": "FALSE",
      "is_romancebl": "TRUE",
      "is_award": "FALSE",
      "head_icon_url": [],
      "new_head_icon_url": [],
      "icon_url": [],
      "new_icon_url": [],
      "renew_icon_url": [],
      "pc_icon_url": [],
      "cnt_total_comment": 0
    },
    {
      "book_code": "1447402",
      "showcostcategory": "1002",
      "category": "2",
      "sub_category": "3",
      "subject": "이세계에서 윤택한 거지라이프를 위하여",
      "intro": "TS/무협/빙의/가벼움지향/먼치킨주의\r\n\r\n파릇파릇 꿈이 돋아나는 젊은 청년은 멍청하고도 뻔뻔하며 심지어 치사하기까지 한 저승사자의 실수로 순식간에 무림의 세계로 이동된다. 이 더러운 놈들은 자신들의 실수로 남의 목숨을 취해놓고 사기까지 쳐서 날 알거지로 만들어 놓았다. 심지어 양심도 없는지 곧 죽을날 받아놓은 몸에 빙의시켜 선심쓰듯이 던져준 환생의 기회를 다시 회수하려는 시도까지 하였다. 내 이놈들이 괴씸해서라도 무병장수 만수무강하리라.\r\n",
      "writer_id": "zlzmwk",
      "writer_name": "닉네임을뭘로짓지",
      "writer_level": "",
      "total_bytes": "0",
      "book_img": "https://cf.joara.com/literature_file/merge/2020/04/15875520883461.jpg",
      "chk_finish": "FALSE",
      "chk_rate": "FALSE",
      "rate_recom": "0",
      "cnt_rate": 0,
      "cnt_chapter": 14,
      "cnt_page_read": 1774,
      "cnt_recom": 40,
      "cnt_favorite": 68,
      "cnt_people": 0,
      "is_study": "FALSE",
      "is_ad": "FALSE",
      "is_favorite": "TRUE",
      "is_festival": "FALSE",
      "is_gidamu": "FALSE",
      "is_promise_book": "",
      "is_etcGenre": "FALSE",
      "is_scenario": "FALSE",
      "is_finish": "FALSE",
      "is_blcontest": "FALSE",
      "is_adultrofan": "FALSE",
      "is_freecontest": "FALSE",
      "is_voted": "FALSE",
      "vote_result": "FALSE",
      "finish_state": "FALSE",
      "finish_nopaydate": null,
      "finish_price": null,
      "finished": null,
      "finish_freechapter": null,
      "finish_amt_price": null,
      "finish_payrate": null,
      "is_preview": "FALSE",
      "preview_openday": "FALSE",
      "preview_opentime": "FALSE",
      "preview_price": "FALSE",
      "premium_payrate": "FALSE",
      "is_premium": "FALSE",
      "premium_nopaydate": "FALSE",
      "premium_price": "FALSE",
      "premium_freechapter": "FALSE",
      "premium_change_date": "FALSE",
      "redate": "1615900831",
      "created": "20200422194128",
      "updated": "20210316222031",
      "modifyed": "20210316222031",
      "writer_level_icon_url": "",
      "heart_status": "",
      "is_festival_free": "FALSE",
      "is_letter": "FALSE",
      "festival_free_chapter": 0,
      "festival_medal_icon": "FALSE",
      "freecontest_chapter_phase": "FALSE",
      "is_notice": "FALSE",
      "premium_amt_price": "FALSE",
      "skin_id": "FALSE",
      "bookmark_sortno": 0,
      "is_rofan": "FALSE",
      "contest_icon": "FALSE",
      "contest_id": "FALSE",
      "is_adult": "FALSE",
      "is_promise": "FALSE",
      "category_name": "muhyep",
      "category_ko_name": "무협",
      "is_nobless": "FALSE",
      "is_romancebl": "FALSE",
      "is_award": "FALSE",
      "head_icon_url": [],
      "new_head_icon_url": [],
      "icon_url": [],
      "new_icon_url": [],
      "renew_icon_url": [],
      "pc_icon_url": [],
      "cnt_total_comment": 0
    },
    {
      "book_code": "1535387",
      "showcostcategory": "1022",
      "category": "22",
      "sub_category": "22",
      "subject": "이봐요, 사람 잘못 보셨어요",
      "intro": "19년 인생 전부를 바쳐 사랑한 남자에게 배신당하고 홧김에 승낙한 결혼이었는데… 상대가 보통 미친놈이 아니다!!? 자기가 미쳤다는 걸 아는 미친놈 앞에선 어떻게 해야 할까? 하물며 그녀 속에 잠자고 있던 잔악성을 일깨워주는 싸이코라면? 이대로는 파국 확정이었다. 그러나 신관들마저 비관한 미래를 과연 파멸로부터 구해낼 수 있을까?\r\n\r\n[계약관계/집착/궁정암투/약피폐물/똥차가고벤츠오나했더니스텔스폭격기가왔다!]",
      "writer_id": "kknatalie",
      "writer_name": "빨강고깔",
      "writer_level": "",
      "total_bytes": "0",
      "book_img": "https://cf.joara.com/literature_file/cover_file/20190408_102801.jpg",
      "chk_finish": "FALSE",
      "chk_rate": "FALSE",
      "rate_recom": "0",
      "cnt_rate": 0,
      "cnt_chapter": 1,
      "cnt_page_read": 0,
      "cnt_recom": 0,
      "cnt_favorite": 0,
      "cnt_people": 0,
      "is_study": "FALSE",
      "is_ad": "FALSE",
      "is_favorite": "FALSE",
      "is_festival": "FALSE",
      "is_gidamu": "FALSE",
      "is_promise_book": "",
      "is_etcGenre": "FALSE",
      "is_scenario": "FALSE",
      "is_finish": "FALSE",
      "is_blcontest": "FALSE",
      "is_adultrofan": "FALSE",
      "is_freecontest": "FALSE",
      "is_voted": "FALSE",
      "vote_result": "FALSE",
      "finish_state": "FALSE",
      "finish_nopaydate": null,
      "finish_price": null,
      "finished": null,
      "finish_freechapter": null,
      "finish_amt_price": null,
      "finish_payrate": null,
      "is_preview": "FALSE",
      "preview_openday": "FALSE",
      "preview_opentime": "FALSE",
      "preview_price": "FALSE",
      "premium_payrate": "FALSE",
      "is_premium": "FALSE",
      "premium_nopaydate": "FALSE",
      "premium_price": "FALSE",
      "premium_freechapter": "FALSE",
      "premium_change_date": "FALSE",
      "redate": "1615900653",
      "created": "20210316221733",
      "updated": "20210316221733",
      "modifyed": "20210316221733",
      "writer_level_icon_url": "",
      "heart_status": "",
      "is_festival_free": "FALSE",
      "is_letter": "FALSE",
      "festival_free_chapter": 0,
      "festival_medal_icon": "FALSE",
      "freecontest_chapter_phase": "FALSE",
      "is_notice": "FALSE",
      "premium_amt_price": "FALSE",
      "skin_id": "FALSE",
      "bookmark_sortno": 0,
      "is_rofan": "FALSE",
      "contest_icon": "FALSE",
      "contest_id": "FALSE",
      "is_adult": "FALSE",
      "is_promise": "FALSE",
      "category_name": "rofan",
      "category_ko_name": "로판",
      "is_nobless": "FALSE",
      "is_romancebl": "TRUE",
      "is_award": "FALSE",
      "head_icon_url": [],
      "new_head_icon_url": [],
      "icon_url": [],
      "new_icon_url": [],
      "renew_icon_url": [],
      "pc_icon_url": [],
      "cnt_total_comment": 0
    },
    {
      "book_code": "1534579",
      "showcostcategory": "1022",
      "category": "22",
      "sub_category": "22",
      "subject": "만델리나 가든",
      "intro": "음력 보름날 둥근달이 뜨던 밤 그녀가 \r\n들어선 브라이덜 샤워 파티 장소 만델리나 가든.\r\n\r\n하지만 그곳은. \r\n\r\n의문의 발신번호로 도착한 시그널로만 그 문이 열리는 \r\n사랑의 정원 만델리나 가든이었다.   ",
      "writer_id": "cordelia11",
      "writer_name": "고휘",
      "writer_level": "",
      "total_bytes": "0",
      "book_img": "https://cf.joara.com/literature_file/merge/2021/03/16156306663508.jpg",
      "chk_finish": "FALSE",
      "chk_rate": "TRUE",
      "rate_recom": "0",
      "cnt_rate": 0,
      "cnt_chapter": 4,
      "cnt_page_read": 8,
      "cnt_recom": 2,
      "cnt_favorite": 2,
      "cnt_people": 0,
      "is_study": "FALSE",
      "is_ad": "FALSE",
      "is_favorite": "TRUE",
      "is_festival": "FALSE",
      "is_gidamu": "FALSE",
      "is_promise_book": "",
      "is_etcGenre": "FALSE",
      "is_scenario": "FALSE",
      "is_finish": "FALSE",
      "is_blcontest": "FALSE",
      "is_adultrofan": "FALSE",
      "is_freecontest": "FALSE",
      "is_voted": "FALSE",
      "vote_result": "FALSE",
      "finish_state": "FALSE",
      "finish_nopaydate": null,
      "finish_price": null,
      "finished": null,
      "finish_freechapter": null,
      "finish_amt_price": null,
      "finish_payrate": null,
      "is_preview": "FALSE",
      "preview_openday": "FALSE",
      "preview_opentime": "FALSE",
      "preview_price": "FALSE",
      "premium_payrate": "FALSE",
      "is_premium": "FALSE",
      "premium_nopaydate": "FALSE",
      "premium_price": "FALSE",
      "premium_freechapter": "FALSE",
      "premium_change_date": "FALSE",
      "redate": "1615900449",
      "created": "20210313191746",
      "updated": "20210316221409",
      "modifyed": "20210316221409",
      "writer_level_icon_url": "",
      "heart_status": "",
      "is_festival_free": "FALSE",
      "is_letter": "FALSE",
      "festival_free_chapter": 0,
      "festival_medal_icon": "FALSE",
      "freecontest_chapter_phase": "FALSE",
      "is_notice": "FALSE",
      "premium_amt_price": "FALSE",
      "skin_id": "FALSE",
      "bookmark_sortno": 0,
      "is_rofan": "FALSE",
      "contest_icon": "FALSE",
      "contest_id": "FALSE",
      "is_adult": "FALSE",
      "is_promise": "FALSE",
      "category_name": "rofan",
      "category_ko_name": "로판",
      "is_nobless": "FALSE",
      "is_romancebl": "TRUE",
      "is_award": "FALSE",
      "head_icon_url": [],
      "new_head_icon_url": [],
      "icon_url": [],
      "new_icon_url": [],
      "renew_icon_url": [],
      "pc_icon_url": [],
      "cnt_total_comment": 0
    },
    {
      "book_code": "1532399",
      "showcostcategory": "1022",
      "category": "22",
      "sub_category": "22",
      "subject": "클리셰의 정석",
      "intro": "[병맛 개그물/ 덕후여주/ 쌍방 짝사랑물/ 약간의 오해물]\r\n\r\n클리셰가 사라져가는 로판 소설 속에서 엑스트라가 고군분투하는 이야기.\r\n\r\n기분이 우울할 때 보세요.\r\n\r\n\r\n\r\n\r\n*표지는 유명한 도자기짤 트레이싱입니다.",
      "writer_id": "chichi123",
      "writer_name": "세싹",
      "writer_level": "100",
      "total_bytes": "0",
      "book_img": "https://cf.joara.com/literature_file/20210303_2302002923.jpg_thumb.png",
      "chk_finish": "FALSE",
      "chk_rate": "FALSE",
      "rate_recom": "0",
      "cnt_rate": 0,
      "cnt_chapter": 50,
      "cnt_page_read": 7025,
      "cnt_recom": 323,
      "cnt_favorite": 167,
      "cnt_people": 0,
      "is_study": "FALSE",
      "is_ad": "FALSE",
      "is_favorite": "FALSE",
      "is_festival": "FALSE",
      "is_gidamu": "FALSE",
      "is_promise_book": "",
      "is_etcGenre": "FALSE",
      "is_scenario": "FALSE",
      "is_finish": "FALSE",
      "is_blcontest": "FALSE",
      "is_adultrofan": "FALSE",
      "is_freecontest": "FALSE",
      "is_voted": "FALSE",
      "vote_result": "FALSE",
      "finish_state": "FALSE",
      "finish_nopaydate": null,
      "finish_price": null,
      "finished": null,
      "finish_freechapter": null,
      "finish_amt_price": null,
      "finish_payrate": null,
      "is_preview": "FALSE",
      "preview_openday": "FALSE",
      "preview_opentime": "FALSE",
      "preview_price": "FALSE",
      "premium_payrate": "FALSE",
      "is_premium": "FALSE",
      "premium_nopaydate": "FALSE",
      "premium_price": "FALSE",
      "premium_freechapter": "FALSE",
      "premium_change_date": "FALSE",
      "redate": "1615900282",
      "created": "20210303231052",
      "updated": "20210316221122",
      "modifyed": "20210316221615",
      "writer_level_icon_url": "https://cf.joara.com/writer_icon/ico_author100.png",
      "heart_status": "",
      "is_festival_free": "FALSE",
      "is_letter": "FALSE",
      "festival_free_chapter": 0,
      "festival_medal_icon": "FALSE",
      "freecontest_chapter_phase": "FALSE",
      "is_notice": "FALSE",
      "premium_amt_price": "FALSE",
      "skin_id": "FALSE",
      "bookmark_sortno": 0,
      "is_rofan": "FALSE",
      "contest_icon": "FALSE",
      "contest_id": "FALSE",
      "is_adult": "FALSE",
      "is_promise": "FALSE",
      "category_name": "rofan",
      "category_ko_name": "로판",
      "is_nobless": "FALSE",
      "is_romancebl": "TRUE",
      "is_award": "FALSE",
      "head_icon_url": [],
      "new_head_icon_url": [],
      "icon_url": [],
      "new_icon_url": [],
      "renew_icon_url": [],
      "pc_icon_url": [],
      "cnt_total_comment": 0
    },
    {
      "book_code": "1535084",
      "showcostcategory": "1022",
      "category": "22",
      "sub_category": "22",
      "subject": "가짜 연인에게 붙잡혀 버렸다",
      "intro": "#계략남이긴한데순정남 #상처녀이긴한데본인은모름 #아카데미물 #간간이서간체(편지)  #마법도나옴\r\n\r\n제국의 미혼 자녀들이 자신의 연인을 자랑하는 축혼제.\r\n치열하고 또 지저분한 사교 시즌에서 쟁탈해 낸 각자의 연인을 붙들고 무도회장에 들어선 이들만이 비시즌의 축혼제에서 진정한 승리자가 되는 셈이다.\r\n가장 중요한 건, 그들 보호자의 체면을 세우는 자리이기도 하다는 것이고.\r\n\r\n축혼제도 얼마 안 남았으니, 내 보호자 되시는 이모님께서는 도대체 언제쯤 연인을 데려와 자신을 부끄럽지 않게 할 거냐고 닦달할 거다.\r\n괴로울 게 뻔했다.\r\n이대로 있을 순 없어 이모 몰래 가짜 연인을 구하기로 했다.\r\n\r\n1. 나와 비슷한 나이 \r\n2. 연인이 없는 귀족 남성\r\n3. 외모 딱히 상관 없음\r\n4. 보수를 주고받으면 깔끔하게 헤어져 줄 그런 사람\r\n\r\n그렇게 완벽한 조건의(본의 아니게 3번이 가장 우수해져 버렸다.) 사람과 나름 무난하게 축혼제를 보냈다.\r\n이제 보수를 건네고 깔끔하게 헤어질 일만 남았는데....\r\n\r\n“정산은 됐어. 돈이 필요했던 건 아니니까.”\r\n“그럴 리가? 아티크 말로는 내가 제시한 금액에 상당한 열의를 보였다고 하던데?”\r\n“아, 그자가 오해했나 봐.”\r\n\r\n헤르는 그동안 난감하다는 듯 웃었던 미소를 지우고 한 발짝 다가왔다.\r\n조금 낯선 모습에 움찔하고서 뒷걸음질치려 했지만, 발이 떨어지지 않아 난감했다.\r\n\r\n“오해라니? 처음에 너도 가문이 모르는 돈이 필요하댔잖아. 나한테도 그렇게 말했으면서.”\r\n“그렇긴 한데, 내가 미처 말하지 못했던 게 있어.”\r\n\r\n한껏 가까이 다가온 헤르의 얼굴에 숨이 멈췄다.\r\n\r\n“그게 뭔데?”\r\n“내 열의의 대상은 너야, 베누스.”\r\n\r\n가짜 연인의 묘한 미소가 나를 꽉 붙들었다.\r\n\r\n",
      "writer_id": "dbwjd080",
      "writer_name": "랄웨이",
      "writer_level": "",
      "total_bytes": "0",
      "book_img": "https://cf.joara.com/literature_file/cover_file/20190408_102641.jpg",
      "chk_finish": "FALSE",
      "chk_rate": "FALSE",
      "rate_recom": "0",
      "cnt_rate": 0,
      "cnt_chapter": 2,
      "cnt_page_read": 12,
      "cnt_recom": 0,
      "cnt_favorite": 5,
      "cnt_people": 0,
      "is_study": "FALSE",
      "is_ad": "FALSE",
      "is_favorite": "TRUE",
      "is_festival": "FALSE",
      "is_gidamu": "FALSE",
      "is_promise_book": "",
      "is_etcGenre": "FALSE",
      "is_scenario": "FALSE",
      "is_finish": "FALSE",
      "is_blcontest": "FALSE",
      "is_adultrofan": "FALSE",
      "is_freecontest": "FALSE",
      "is_voted": "FALSE",
      "vote_result": "FALSE",
      "finish_state": "FALSE",
      "finish_nopaydate": null,
      "finish_price": null,
      "finished": null,
      "finish_freechapter": null,
      "finish_amt_price": null,
      "finish_payrate": null,
      "is_preview": "FALSE",
      "preview_openday": "FALSE",
      "preview_opentime": "FALSE",
      "preview_price": "FALSE",
      "premium_payrate": "FALSE",
      "is_premium": "FALSE",
      "premium_nopaydate": "FALSE",
      "premium_price": "FALSE",
      "premium_freechapter": "FALSE",
      "premium_change_date": "FALSE",
      "redate": "1615900202",
      "created": "20210315185638",
      "updated": "20210316221002",
      "modifyed": "20210316221002",
      "writer_level_icon_url": "",
      "heart_status": "",
      "is_festival_free": "FALSE",
      "is_letter": "FALSE",
      "festival_free_chapter": 0,
      "festival_medal_icon": "FALSE",
      "freecontest_chapter_phase": "FALSE",
      "is_notice": "FALSE",
      "premium_amt_price": "FALSE",
      "skin_id": "FALSE",
      "bookmark_sortno": 0,
      "is_rofan": "FALSE",
      "contest_icon": "FALSE",
      "contest_id": "FALSE",
      "is_adult": "FALSE",
      "is_promise": "FALSE",
      "category_name": "rofan",
      "category_ko_name": "로판",
      "is_nobless": "FALSE",
      "is_romancebl": "TRUE",
      "is_award": "FALSE",
      "head_icon_url": [],
      "new_head_icon_url": [],
      "icon_url": [],
      "new_icon_url": [],
      "renew_icon_url": [],
      "pc_icon_url": [],
      "cnt_total_comment": 0
    },
    {
      "book_code": "1532729",
      "showcostcategory": "1022",
      "category": "22",
      "sub_category": "22",
      "subject": "집착 속성의 대공에게 개로 붙잡혔다",
      "intro": "#깨발랄여주 #역할몰입여주 #할말다하는여주 #핀트나간여주 #허당여주\r\n#집착남주 #흑발적안남주 #전쟁귀 #북부는 아니지만 어쨌든 대공\r\n#소유욕 #로코 #힐링물 #회빙환아님 \r\n#개로 취직한 멜로디 #그 개한테 집착하는 아그니벨로\r\n#밝지만 사연있는 멜로디 #멜로디로 인해 감정 자각하는 아그니벨로 #쌍방구원\r\n#반쯤 미친 서브남 #멜로디 본인도 모르는 사이 개 하나 주움\r\n\r\n\r\n“꺄!!! 어떡해!!! 오늘 완전 대박이잖아?! 이게 다 얼마야…! 이것만 있으면 이제 돈 걱정은 없겠어!”\r\n열심히 귀족 마차를 털고 있던 그때.\r\n\r\n“넌 뭐지?”\r\n그 남자가 나타났다.\r\n\r\n“이 자리에 죽길 원하나보군.”\r\n지옥의 불구덩이를 닮은 것 같은 붉은 눈을 형형히 빛내며.\r\n\r\n“안 죽고 싶어요!!! 너무 살고 싶어요, 너무!!! 여기서 주운 거 다 내려놓고 갈게요! 제발 살려만 주세요!”\r\n\r\n목에 칼이 들어온 상황이라 싹싹 빌며 목숨을 구걸하는데 어쩐지 통하지 않는다. 따끔한 날붙이의 감촉에 다시 한 번 외쳤다.\r\n\r\n“다 할게요!!! 시키는 거 다 할게요! 개처럼 부리셔도 돼요! 짖으라면 짖을게요!”\r\n\r\n\r\n\r\n그길로 난 개가 되었다.\r\n대충 비위나 맞추고 살다가 무사히 나오려 했는데….\r\n\r\n어라…? 부잣집 개 팔자 나름 괜찮잖아…?\r\n안분지족을 꿈꾸던 멜로디는 충실한 개의 삶을 살기로 했다.\r\n\r\n\r\n그런데.\r\n\r\n“강아지. 내가 만지는 것에 익숙해져라.”\r\n“너를 버릴 일은 없어. 절대로. 아무에게도 빼앗기지 않을 테니 걱정하지 마.”\r\n“이제 무서워도 못 돌아가 멜로디.”\r\n전쟁귀인 대공, 아그니벨로가 내게 집착하기 시작했다.\r\n\r\n좋은 집에 오래 살게 되어 좋긴 한데... 이거 괜찮은 거 맞겠지...?\r\n\r\n멜로디는 아그니벨로의 번들거리는 눈을 보며 등줄기에 식은땀이 흘렀다.\r\n\r\n\r\n\r\nchiringchiring1@naver.com\r\n",
      "writer_id": "chiring",
      "writer_name": "캐로티",
      "writer_level": "10",
      "total_bytes": "0",
      "book_img": "https://cf.joara.com/literature_file/20210306_0752318413.jpg_thumb.png",
      "chk_finish": "FALSE",
      "chk_rate": "FALSE",
      "rate_recom": "0",
      "cnt_rate": 0,
      "cnt_chapter": 4,
      "cnt_page_read": 192,
      "cnt_recom": 3,
      "cnt_favorite": 26,
      "cnt_people": 0,
      "is_study": "FALSE",
      "is_ad": "FALSE",
      "is_favorite": "FALSE",
      "is_festival": "FALSE",
      "is_gidamu": "FALSE",
      "is_promise_book": "",
      "is_etcGenre": "FALSE",
      "is_scenario": "FALSE",
      "is_finish": "FALSE",
      "is_blcontest": "FALSE",
      "is_adultrofan": "FALSE",
      "is_freecontest": "FALSE",
      "is_voted": "FALSE",
      "vote_result": "FALSE",
      "finish_state": "FALSE",
      "finish_nopaydate": null,
      "finish_price": null,
      "finished": null,
      "finish_freechapter": null,
      "finish_amt_price": null,
      "finish_payrate": null,
      "is_preview": "FALSE",
      "preview_openday": "FALSE",
      "preview_opentime": "FALSE",
      "preview_price": "FALSE",
      "premium_payrate": "FALSE",
      "is_premium": "FALSE",
      "premium_nopaydate": "FALSE",
      "premium_price": "FALSE",
      "premium_freechapter": "FALSE",
      "premium_change_date": "FALSE",
      "redate": "1615900020",
      "created": "20210305152446",
      "updated": "20210316220700",
      "modifyed": "20210316220700",
      "writer_level_icon_url": "https://cf.joara.com/writer_icon/ico_author10.png",
      "heart_status": "",
      "is_festival_free": "FALSE",
      "is_letter": "FALSE",
      "festival_free_chapter": 0,
      "festival_medal_icon": "FALSE",
      "freecontest_chapter_phase": "FALSE",
      "is_notice": "FALSE",
      "premium_amt_price": "FALSE",
      "skin_id": "FALSE",
      "bookmark_sortno": 0,
      "is_rofan": "FALSE",
      "contest_icon": "FALSE",
      "contest_id": "FALSE",
      "is_adult": "FALSE",
      "is_promise": "FALSE",
      "category_name": "rofan",
      "category_ko_name": "로판",
      "is_nobless": "FALSE",
      "is_romancebl": "TRUE",
      "is_award": "FALSE",
      "head_icon_url": [],
      "new_head_icon_url": [],
      "icon_url": [],
      "new_icon_url": [],
      "renew_icon_url": [],
      "pc_icon_url": [],
      "cnt_total_comment": 0
    },
    {
      "book_code": "1526115",
      "showcostcategory": "1022",
      "category": "22",
      "sub_category": "12",
      "subject": "서려리",
      "intro": "아우님은 좋은 황제가 되실 겁니다.\r\n\r\n\r\n\r\n\r\n\r\n\r\n\r\n\r\n______________\r\n세대 교차...\r\n세대 교차...\r\n세대 교차...\r\n\r\n\r\n1대 주인공이 아를 낳으면\r\n \r\n그 아가 2대 주인공이 되고\r\n \r\n그 2대 주인공이 아를 낳으면\r\n \r\n그 아가 또 3대 주인공이 되는\r\n\r\n\r\n\r\n\r\n가까운 사람들의 피로 피바람 부는 막장(?) 피폐 황실 로맨스!(아 내양심)\r\n\r\n\r\n현재 쥔공:\r\n서려호\r\n\r\n로맨스피폐지만\r\n려호에게는 로맨스 따윈 없다.\r\n다음 세대부터 나올 예정\r\n\r\n\r\n\r\n표지: 본인\r\n쥔공 바뀔 때마다 표지 바뀔 예정",
      "writer_id": "ipbip0a1r",
      "writer_name": "배은망DUCK",
      "writer_level": "",
      "total_bytes": "0",
      "book_img": "https://cf.joara.com/literature_file/1649808_1612763799_thumb.png",
      "chk_finish": "FALSE",
      "chk_rate": "FALSE",
      "rate_recom": "0",
      "cnt_rate": 0,
      "cnt_chapter": 3,
      "cnt_page_read": 17,
      "cnt_recom": 0,
      "cnt_favorite": 2,
      "cnt_people": 0,
      "is_study": "FALSE",
      "is_ad": "FALSE",
      "is_favorite": "TRUE",
      "is_festival": "FALSE",
      "is_gidamu": "FALSE",
      "is_promise_book": "",
      "is_etcGenre": "FALSE",
      "is_scenario": "FALSE",
      "is_finish": "FALSE",
      "is_blcontest": "FALSE",
      "is_adultrofan": "FALSE",
      "is_freecontest": "FALSE",
      "is_voted": "FALSE",
      "vote_result": "FALSE",
      "finish_state": "FALSE",
      "finish_nopaydate": null,
      "finish_price": null,
      "finished": null,
      "finish_freechapter": null,
      "finish_amt_price": null,
      "finish_payrate": null,
      "is_preview": "FALSE",
      "preview_openday": "FALSE",
      "preview_opentime": "FALSE",
      "preview_price": "FALSE",
      "premium_payrate": "FALSE",
      "is_premium": "FALSE",
      "premium_nopaydate": "FALSE",
      "premium_price": "FALSE",
      "premium_freechapter": "FALSE",
      "premium_change_date": "FALSE",
      "redate": "1615899969",
      "created": "20210208015630",
      "updated": "20210316220609",
      "modifyed": "20210316220609",
      "writer_level_icon_url": "",
      "heart_status": "",
      "is_festival_free": "FALSE",
      "is_letter": "FALSE",
      "festival_free_chapter": 0,
      "festival_medal_icon": "FALSE",
      "freecontest_chapter_phase": "FALSE",
      "is_notice": "FALSE",
      "premium_amt_price": "FALSE",
      "skin_id": "FALSE",
      "bookmark_sortno": 0,
      "is_rofan": "FALSE",
      "contest_icon": "FALSE",
      "contest_id": "FALSE",
      "is_adult": "FALSE",
      "is_promise": "FALSE",
      "category_name": "rofan",
      "category_ko_name": "로판",
      "is_nobless": "FALSE",
      "is_romancebl": "TRUE",
      "is_award": "FALSE",
      "head_icon_url": [],
      "new_head_icon_url": [],
      "icon_url": [],
      "new_icon_url": [],
      "renew_icon_url": [],
      "pc_icon_url": [],
      "cnt_total_comment": 0
    },
    {
      "book_code": "1374356",
      "showcostcategory": "1022",
      "category": "22",
      "sub_category": "22",
      "subject": "두 번째 삶은 포기하려 합니다",
      "intro": "그녀는 악녀였다. 그를 위해서 그녀는 기꺼이 악녀가 되었다. 올리비아가 이안을 위해 못 할일은 아무것도 없었다. 영혼을 뺏겨도, 심장이 부서져도, 설사 그 여자의 운명을 훔쳐 이안을 빼앗는데도!\r\n\r\n\r\n그러나 악녀의 이야기가 늘 그렇듯, 올리비아는 감옥에서 쓸쓸히 죽게된다.\r\n\r\n신의 자비로 두번째 삶을 살게 된 그녀는 이안을 포기한다.\r\n가질 수 없다면, 포기하리라.\r\n그러나 이번엔 이안이 그녀에게 다가온다.\r\n\r\n\"넌 날 잘못알아도 한참 잘못알았어. 올리비아 클라이튼, 난 이제 너 안 놔줘.\"\r\n\r\n두번째 생에서는 포기하려 했던 그가 그녀에게 다가온다.",
      "writer_id": "thd1545",
      "writer_name": "샤로나",
      "writer_level": "20",
      "total_bytes": "0",
      "book_img": "https://cf.joara.com/literature_file/merge/2019/06/15599331102056.jpg",
      "chk_finish": "TRUE",
      "chk_rate": "TRUE",
      "rate_recom": "46",
      "cnt_rate": 4,
      "cnt_chapter": 65,
      "cnt_page_read": 454139,
      "cnt_recom": 3854,
      "cnt_favorite": 2396,
      "cnt_people": 10,
      "is_study": "FALSE",
      "is_ad": "FALSE",
      "is_favorite": "FALSE",
      "is_festival": "FALSE",
      "is_gidamu": "FALSE",
      "is_promise_book": "",
      "is_etcGenre": "FALSE",
      "is_scenario": "FALSE",
      "is_finish": "FALSE",
      "is_blcontest": "FALSE",
      "is_adultrofan": "FALSE",
      "is_freecontest": "FALSE",
      "is_voted": "FALSE",
      "vote_result": "FALSE",
      "finish_state": "FALSE",
      "finish_nopaydate": null,
      "finish_price": null,
      "finished": null,
      "finish_freechapter": null,
      "finish_amt_price": null,
      "finish_payrate": null,
      "is_preview": "FALSE",
      "preview_openday": "FALSE",
      "preview_opentime": "FALSE",
      "preview_price": "FALSE",
      "premium_payrate": "FALSE",
      "is_premium": "FALSE",
      "premium_nopaydate": "FALSE",
      "premium_price": "FALSE",
      "premium_freechapter": "FALSE",
      "premium_change_date": "FALSE",
      "redate": "1615899953",
      "created": "20190608034510",
      "updated": "20210316220553",
      "modifyed": "20210316220553",
      "writer_level_icon_url": "https://cf.joara.com/writer_icon/ico_author20.png",
      "heart_status": "",
      "is_festival_free": "FALSE",
      "is_letter": "FALSE",
      "festival_free_chapter": 0,
      "festival_medal_icon": "FALSE",
      "freecontest_chapter_phase": "FALSE",
      "is_notice": "FALSE",
      "premium_amt_price": "FALSE",
      "skin_id": "FALSE",
      "bookmark_sortno": 0,
      "is_rofan": "FALSE",
      "contest_icon": "FALSE",
      "contest_id": "FALSE",
      "is_adult": "FALSE",
      "is_promise": "FALSE",
      "category_name": "rofan",
      "category_ko_name": "로판",
      "is_nobless": "FALSE",
      "is_romancebl": "TRUE",
      "is_award": "FALSE",
      "head_icon_url": [],
      "new_head_icon_url": [],
      "icon_url": [
        "https://cf.joara.com/book_icon/a_e.png"
      ],
      "new_icon_url": [
        "https://cf.joara.com/book_icon/mobile_icon_v4_e.png"
      ],
      "renew_icon_url": [
        "https://cf.joara.com/book_icon/mobile_icon_v4_e_kor.png"
      ],
      "pc_icon_url": [
        "https://cf.joara.com/book_icon/mobile_pc_icon_v2_e.png"
      ],
      "cnt_total_comment": 0
    },
    {
      "book_code": "1535381",
      "showcostcategory": "1022",
      "category": "22",
      "sub_category": "22",
      "subject": "어려진 흑막을 책임지고 갱생시켜 보겠습니다",
      "intro": "달빛이 어스름하게 비치는 밤의 숲이었다. \r\n\r\n군데군데 튄 선혈로 덤불과 수피는 붉게 물들어 있었다. 핏자국을 따라 멀지 않은 곳에서 사람들의 비명 소리가 울려퍼졌다.\r\n\r\n\r\n\r\n\" 대공, 제발.... 목숨만은 살려 주시오! \"\r\n\r\n\" 대공 전하, 살려주... 으악! \"\r\n\r\n\r\n\r\n처절하게 목숨을 구걸하는 이들은 르 페이 가문의 친족들이었다. \r\n\r\n그들은 억울하게 반역 누명을 쓰고 칼립스 가의 젊은 대공에게 하나하나 도륙당해가고 있었다.\r\n\r\n앞선 자들은 전부 그의 검 아래 스러졌다. \r\n\r\n그리고... 이젠 공녀의 차례다.\r\n\r\n\r\n\r\n\" 그저 운이 나빴다고 생각해라. 마지막으로 남길 말은 없나? \"\r\n\r\n\r\n\r\n***\r\n\r\n\r\n\r\n\r\n\" 자, 히아킨. 지금부터 제가 불러드리는 대로 적으세요.\"\r\n\r\n\" 네. \"\r\n\r\n\" 하나, 살인은 나쁘다. \"\r\n\r\n\" 살인은... 나쁘다. \"\r\n\r\n\r\n히아킨은 작은 손으로 꼬물꼬물 종이에 '사린은 나브다' 라고 적었다. 나는 터져나오는 웃음을 참느라 코평수가 커질 뻔했다.\r\n\r\n\r\n\" 벨라도나, 하나 궁금한 게 있어요. 물어봐도 돼요? \"\r\n\r\n\" 물어보세요. \"\r\n\r\n\" 벨라는 내가 살인... 이런 거 하면 나 미워할 거예요? \"\r\n\r\n\r\n순간 정적이 흘렀다. 이걸 어떻게 대답해야 하나..?\r\n\r\n\r\n\r\n#육아물 #육아빙의물 #흑막육아 #흑막도련님 #소설빙의 \r\n#어린흑막 #흑막갱생 #형수님인데 #형이없네 #갱생은어릴때",
      "writer_id": "thebaroness",
      "writer_name": "baroness",
      "writer_level": "",
      "total_bytes": "0",
      "book_img": "https://cf.joara.com/literature_file/20210316_2200378600.png_thumb.png",
      "chk_finish": "FALSE",
      "chk_rate": "FALSE",
      "rate_recom": "0",
      "cnt_rate": 0,
      "cnt_chapter": 1,
      "cnt_page_read": 2,
      "cnt_recom": 0,
      "cnt_favorite": 3,
      "cnt_people": 0,
      "is_study": "FALSE",
      "is_ad": "FALSE",
      "is_favorite": "TRUE",
      "is_festival": "FALSE",
      "is_gidamu": "FALSE",
      "is_promise_book": "",
      "is_etcGenre": "FALSE",
      "is_scenario": "FALSE",
      "is_finish": "FALSE",
      "is_blcontest": "FALSE",
      "is_adultrofan": "FALSE",
      "is_freecontest": "FALSE",
      "is_voted": "FALSE",
      "vote_result": "FALSE",
      "finish_state": "FALSE",
      "finish_nopaydate": null,
      "finish_price": null,
      "finished": null,
      "finish_freechapter": null,
      "finish_amt_price": null,
      "finish_payrate": null,
      "is_preview": "FALSE",
      "preview_openday": "FALSE",
      "preview_opentime": "FALSE",
      "preview_price": "FALSE",
      "premium_payrate": "FALSE",
      "is_premium": "FALSE",
      "premium_nopaydate": "FALSE",
      "premium_price": "FALSE",
      "premium_freechapter": "FALSE",
      "premium_change_date": "FALSE",
      "redate": "1615899658",
      "created": "20210316220058",
      "updated": "20210316220058",
      "modifyed": "20210316220058",
      "writer_level_icon_url": "",
      "heart_status": "",
      "is_festival_free": "FALSE",
      "is_letter": "FALSE",
      "festival_free_chapter": 0,
      "festival_medal_icon": "FALSE",
      "freecontest_chapter_phase": "FALSE",
      "is_notice": "FALSE",
      "premium_amt_price": "FALSE",
      "skin_id": "FALSE",
      "bookmark_sortno": 0,
      "is_rofan": "FALSE",
      "contest_icon": "FALSE",
      "contest_id": "FALSE",
      "is_adult": "FALSE",
      "is_promise": "FALSE",
      "category_name": "rofan",
      "category_ko_name": "로판",
      "is_nobless": "FALSE",
      "is_romancebl": "TRUE",
      "is_award": "FALSE",
      "head_icon_url": [],
      "new_head_icon_url": [],
      "icon_url": [],
      "new_icon_url": [],
      "renew_icon_url": [],
      "pc_icon_url": [],
      "cnt_total_comment": 0
    },
    {
      "book_code": "1532184",
      "showcostcategory": "1022",
      "category": "22",
      "sub_category": "22",
      "subject": "다정한 계략남의 집착을 받고 있다",
      "intro": "“미안해, 앨리스. 우리 여기까지 하자.”\r\n\r\n오늘 중요한 할 말이 있다던 그의 말에 밤새 설렜던 게 무색하게 그는 슬픈 표정으로 나를 바라보았다.\r\n\r\n“헤어지자는 뜻이야. 정말 미안해. 나도 이런 말을 하는 게 결코 쉽지는 않았다는 걸 알아줬으면 해. 우리가 함께하는 미래는…….”\r\n\r\n보름 후, 나를 버린 그놈은 백작 가문의 장녀와 성대한 약혼식을 올렸다.\r\n\r\n*\r\n\r\n똥마차가 가고 나면 황금마차가 온다고 했던가.\r\n\r\n“이쁜 아가씨, 왜 길에서 울고 있어요. 누가 잡아가면 어쩌려고.” \r\n\r\n 웬 잘생긴 미친놈이 내게 접근하고.\r\n\r\n\"그대가 도움이 필요한 순간이 오면 내가 한번은 그대를 도와주도록 하지.\"\r\n\r\n거만한 공작은 나를 도와주고 싶어 안달한다.\r\n\r\n그런데 이제 순탄하기만 할 것 같던 내 인생이 어째 자꾸만 꼬이는 것 같다.\r\n\r\n#쓰레기는 쓰레기통에 #똥차를 보내고나면 벤츠가 오겠지 #예쁜또라이 #입덕부정기 대형견남 #눈물콧물 후회남 #외유내강 소심여주\r\n\r\n적절한 제목찾아 삼만리-수시로 제목이 바뀔 수 있습니다.\r\n\r\n작가 이메일 : e_lux@naver.com",
      "writer_id": "jjy01",
      "writer_name": "쭈녕2",
      "writer_level": "",
      "total_bytes": "0",
      "book_img": "https://cf.joara.com/literature_file/20210304_2348584563.jpg_thumb.png",
      "chk_finish": "FALSE",
      "chk_rate": "TRUE",
      "rate_recom": "0",
      "cnt_rate": 0,
      "cnt_chapter": 10,
      "cnt_page_read": 3166,
      "cnt_recom": 80,
      "cnt_favorite": 176,
      "cnt_people": 0,
      "is_study": "FALSE",
      "is_ad": "FALSE",
      "is_favorite": "TRUE",
      "is_festival": "FALSE",
      "is_gidamu": "FALSE",
      "is_promise_book": "",
      "is_etcGenre": "FALSE",
      "is_scenario": "FALSE",
      "is_finish": "FALSE",
      "is_blcontest": "FALSE",
      "is_adultrofan": "FALSE",
      "is_freecontest": "FALSE",
      "is_voted": "FALSE",
      "vote_result": "FALSE",
      "finish_state": "FALSE",
      "finish_nopaydate": null,
      "finish_price": null,
      "finished": null,
      "finish_freechapter": null,
      "finish_amt_price": null,
      "finish_payrate": null,
      "is_preview": "FALSE",
      "preview_openday": "FALSE",
      "preview_opentime": "FALSE",
      "preview_price": "FALSE",
      "premium_payrate": "FALSE",
      "is_premium": "FALSE",
      "premium_nopaydate": "FALSE",
      "premium_price": "FALSE",
      "premium_freechapter": "FALSE",
      "premium_change_date": "FALSE",
      "redate": "1615899502",
      "created": "20210302232152",
      "updated": "20210316215822",
      "modifyed": "20210316215822",
      "writer_level_icon_url": "",
      "heart_status": "",
      "is_festival_free": "FALSE",
      "is_letter": "FALSE",
      "festival_free_chapter": 0,
      "festival_medal_icon": "FALSE",
      "freecontest_chapter_phase": "FALSE",
      "is_notice": "TRUE",
      "premium_amt_price": "FALSE",
      "skin_id": "FALSE",
      "bookmark_sortno": 0,
      "is_rofan": "FALSE",
      "contest_icon": "FALSE",
      "contest_id": "FALSE",
      "is_adult": "FALSE",
      "is_promise": "FALSE",
      "category_name": "rofan",
      "category_ko_name": "로판",
      "is_nobless": "FALSE",
      "is_romancebl": "TRUE",
      "is_award": "FALSE",
      "head_icon_url": [],
      "new_head_icon_url": [],
      "icon_url": [],
      "new_icon_url": [],
      "renew_icon_url": [],
      "pc_icon_url": [],
      "cnt_total_comment": 0
    },
    {
      "book_code": "1384937",
      "showcostcategory": "1022",
      "category": "22",
      "sub_category": "3",
      "subject": "전생부터 리미트 해제된 소드마스터가 하는일",
      "intro": "인생은 단순했다. 어릴 때 최연소 소드마스터로 각성하고 서민주제에 대장군 하에서 차기 대장군으로써 스펙을 확실히 쌓고 있었다.\r\n\r\n하지만 제국의 침략전쟁에서 혼자서 모든 걸 받아내고 전사했다. 자신이 약했으니 죽은 것에 대해선 억울하지 않았다. 그리고 워낙 죄를 지었으니 윤회의 고리에서 계속 살아갈 것이라고 예상도 하고 있었다.\r\n\r\n하지만 전생의 기억과 전생의 스펙을 가진채로 다시 태어날 줄을 몰랐다.\r\n\r\n\r\n[헌터물, 하렘물, 온갖 남주 다나올 예정]\r\n[강한여주, 전생물, 현판]\r\n[막간 성좌물도 나옴]\r\n\r\n* 본 글에 나오는 캐릭터들은 실존 인물과 전혀 관계 없습니다.\r\n* 본 글은 글쓴이의 생각, 사상을 반영하지 않습니다.\r\n* 본 내용은 전부 허구입니다. 주의해주세요.\r\n* 자유연재",
      "writer_id": "rokrom10208",
      "writer_name": "거미사슴",
      "writer_level": "",
      "total_bytes": "0",
      "book_img": "https://cf.joara.com/literature_file/cover_file/20190415_153817.jpg",
      "chk_finish": "FALSE",
      "chk_rate": "FALSE",
      "rate_recom": "0",
      "cnt_rate": 0,
      "cnt_chapter": 97,
      "cnt_page_read": 162202,
      "cnt_recom": 1830,
      "cnt_favorite": 1271,
      "cnt_people": 0,
      "is_study": "FALSE",
      "is_ad": "FALSE",
      "is_favorite": "TRUE",
      "is_festival": "FALSE",
      "is_gidamu": "FALSE",
      "is_promise_book": "",
      "is_etcGenre": "FALSE",
      "is_scenario": "FALSE",
      "is_finish": "FALSE",
      "is_blcontest": "FALSE",
      "is_adultrofan": "FALSE",
      "is_freecontest": "FALSE",
      "is_voted": "FALSE",
      "vote_result": "FALSE",
      "finish_state": "FALSE",
      "finish_nopaydate": null,
      "finish_price": null,
      "finished": null,
      "finish_freechapter": null,
      "finish_amt_price": null,
      "finish_payrate": null,
      "is_preview": "FALSE",
      "preview_openday": "FALSE",
      "preview_opentime": "FALSE",
      "preview_price": "FALSE",
      "premium_payrate": "FALSE",
      "is_premium": "FALSE",
      "premium_nopaydate": "FALSE",
      "premium_price": "FALSE",
      "premium_freechapter": "FALSE",
      "premium_change_date": "FALSE",
      "redate": "1615899281",
      "created": "20190728000702",
      "updated": "20210316215441",
      "modifyed": "20210316215441",
      "writer_level_icon_url": "",
      "heart_status": "",
      "is_festival_free": "FALSE",
      "is_letter": "FALSE",
      "festival_free_chapter": 0,
      "festival_medal_icon": "FALSE",
      "freecontest_chapter_phase": "FALSE",
      "is_notice": "FALSE",
      "premium_amt_price": "FALSE",
      "skin_id": "FALSE",
      "bookmark_sortno": 1,
      "is_rofan": "FALSE",
      "contest_icon": "FALSE",
      "contest_id": "FALSE",
      "is_adult": "FALSE",
      "is_promise": "FALSE",
      "category_name": "rofan",
      "category_ko_name": "로판",
      "is_nobless": "FALSE",
      "is_romancebl": "TRUE",
      "is_award": "FALSE",
      "head_icon_url": [],
      "new_head_icon_url": [],
      "icon_url": [
        "https://cf.joara.com/book_icon/a_new.png"
      ],
      "new_icon_url": [
        "https://cf.joara.com/book_icon/a_new.png"
      ],
      "renew_icon_url": [
        "https://cf.joara.com/book_icon/a_new.png"
      ],
      "pc_icon_url": [],
      "cnt_total_comment": 0
    },
    {
      "book_code": "1525424",
      "showcostcategory": "1222",
      "category": "22",
      "sub_category": "22",
      "subject": "내가 사랑하는 알파는 게이다",
      "intro": "[오메가버스/열성오메가여주/짝사랑여주/소꿉친구남주/우성알파남주/게이남주/ 무자각집착남주/ 슬럼프용 / 키워드는 차차 추가될 예정]\r\n\r\n\r\n세상은 인류를 두 가지로 분류한다. 남자와 여자 대표적이었다.\r\n\r\n\r\n그리고 또 한 번 인류를 세 가지의 성(性)으로 나누는데 그것이 바로 알파와 오메가 그리고 베타다.\r\n\r\n\r\n그리고 내가 오랜 시간 짝사랑한 남자는 베타적 언어로 게이다.\r\n\r\n",
      "writer_id": "psm010403",
      "writer_name": "카레이든",
      "writer_level": "20",
      "total_bytes": "0",
      "book_img": "https://cf.joara.com/literature_file/cover_file/20190328_162314.png",
      "chk_finish": "FALSE",
      "chk_rate": "FALSE",
      "rate_recom": "0",
      "cnt_rate": 0,
      "cnt_chapter": 14,
      "cnt_page_read": 20996,
      "cnt_recom": 712,
      "cnt_favorite": 739,
      "cnt_people": 0,
      "is_study": "FALSE",
      "is_ad": "FALSE",
      "is_favorite": "TRUE",
      "is_festival": "TRUE",
      "is_gidamu": "FALSE",
      "is_promise_book": "",
      "is_etcGenre": "FALSE",
      "is_scenario": "FALSE",
      "is_finish": "FALSE",
      "is_blcontest": "FALSE",
      "is_adultrofan": "FALSE",
      "is_freecontest": "FALSE",
      "is_voted": "FALSE",
      "vote_result": "FALSE",
      "finish_state": "FALSE",
      "finish_nopaydate": null,
      "finish_price": null,
      "finished": null,
      "finish_freechapter": null,
      "finish_amt_price": null,
      "finish_payrate": null,
      "is_preview": "FALSE",
      "preview_openday": "FALSE",
      "preview_opentime": "FALSE",
      "preview_price": "FALSE",
      "premium_payrate": "FALSE",
      "is_premium": "FALSE",
      "premium_nopaydate": "FALSE",
      "premium_price": "FALSE",
      "premium_freechapter": "FALSE",
      "premium_change_date": "FALSE",
      "redate": "1615899266",
      "created": "20210205124020",
      "updated": "20210316215426",
      "modifyed": "20210316220727",
      "writer_level_icon_url": "https://cf.joara.com/writer_icon/ico_author20.png",
      "heart_status": "",
      "is_festival_free": "FALSE",
      "is_letter": "FALSE",
      "festival_free_chapter": 0,
      "festival_medal_icon": "FALSE",
      "freecontest_chapter_phase": "FALSE",
      "is_notice": "FALSE",
      "premium_amt_price": "FALSE",
      "skin_id": "FALSE",
      "bookmark_sortno": 0,
      "is_rofan": "FALSE",
      "contest_icon": "FALSE",
      "contest_id": "6",
      "is_adult": "TRUE",
      "is_promise": "FALSE",
      "category_name": "rofan",
      "category_ko_name": "로판",
      "is_nobless": "TRUE",
      "is_romancebl": "TRUE",
      "is_award": "FALSE",
      "head_icon_url": [],
      "new_head_icon_url": [],
      "icon_url": [
        "https://cf.joara.com/book_icon/a_nobless.png",
        "https://cf.joara.com/book_icon/a_ico_festival.png"
      ],
      "new_icon_url": [
        "https://cf.joara.com/book_icon/mobile_icon_v4_nobless.png",
        "https://cf.joara.com/book_icon/mobile_icon_v4_festival.png"
      ],
      "renew_icon_url": [
        "https://cf.joara.com/book_icon/mobile_icon_v4_nobless.png",
        "https://cf.joara.com/book_icon/mobile_icon_v4_festival.png"
      ],
      "pc_icon_url": [
        "https://cf.joara.com/book_icon/mobile_pc_icon_v2_festival.png"
      ],
      "cnt_total_comment": 0
    },
    {
      "book_code": "1533614",
      "showcostcategory": "1202",
      "category": "2",
      "sub_category": "0",
      "subject": "어차피 내가 쓴 소설임",
      "intro": ".",
      "writer_id": "anywayzz",
      "writer_name": "최송이",
      "writer_level": "",
      "total_bytes": "0",
      "book_img": "https://cf.joara.com/literature_file/merge/2021/03/16152726536441.jpg",
      "chk_finish": "FALSE",
      "chk_rate": "FALSE",
      "rate_recom": "0",
      "cnt_rate": 0,
      "cnt_chapter": 9,
      "cnt_page_read": 138,
      "cnt_recom": 0,
      "cnt_favorite": 4,
      "cnt_people": 0,
      "is_study": "FALSE",
      "is_ad": "FALSE",
      "is_favorite": "FALSE",
      "is_festival": "FALSE",
      "is_gidamu": "FALSE",
      "is_promise_book": "N",
      "is_etcGenre": "FALSE",
      "is_scenario": "FALSE",
      "is_finish": "FALSE",
      "is_blcontest": "FALSE",
      "is_adultrofan": "FALSE",
      "is_freecontest": "FALSE",
      "is_voted": "FALSE",
      "vote_result": "FALSE",
      "finish_state": "FALSE",
      "finish_nopaydate": null,
      "finish_price": null,
      "finished": null,
      "finish_freechapter": null,
      "finish_amt_price": null,
      "finish_payrate": null,
      "is_preview": "FALSE",
      "preview_openday": "FALSE",
      "preview_opentime": "FALSE",
      "preview_price": "FALSE",
      "premium_payrate": "FALSE",
      "is_premium": "FALSE",
      "premium_nopaydate": "FALSE",
      "premium_price": "FALSE",
      "premium_freechapter": "FALSE",
      "premium_change_date": "FALSE",
      "redate": "1615899012",
      "created": "20210309155053",
      "updated": "20210316215012",
      "modifyed": "20210316215012",
      "writer_level_icon_url": "",
      "heart_status": "",
      "is_festival_free": "FALSE",
      "is_letter": "FALSE",
      "festival_free_chapter": 0,
      "festival_medal_icon": "FALSE",
      "freecontest_chapter_phase": "FALSE",
      "is_notice": "FALSE",
      "premium_amt_price": "FALSE",
      "skin_id": "FALSE",
      "bookmark_sortno": 0,
      "is_rofan": "FALSE",
      "contest_icon": "FALSE",
      "contest_id": "FALSE",
      "is_adult": "TRUE",
      "is_promise": "TRUE",
      "category_name": "muhyep",
      "category_ko_name": "무협",
      "is_nobless": "TRUE",
      "is_romancebl": "FALSE",
      "is_award": "FALSE",
      "head_icon_url": [
        "https://cf.joara.com/book_icon/s_g_icon.png"
      ],
      "new_head_icon_url": [
        "https://cf.joara.com/book_icon/mobile_icon_v4_s_g_icon.png"
      ],
      "icon_url": [
        "https://cf.joara.com/book_icon/a_nobless.png"
      ],
      "new_icon_url": [
        "https://cf.joara.com/book_icon/mobile_icon_v4_nobless.png"
      ],
      "renew_icon_url": [
        "https://cf.joara.com/book_icon/mobile_icon_v4_nobless.png",
        "https://cf.joara.com/book_icon/mobile_icon_v4_s_g_icon.png"
      ],
      "pc_icon_url": [
        "https://cf.joara.com/book_icon/mobile_pc_icon_v2_s_g_icon.png"
      ],
      "cnt_total_comment": 0
    },
    {
      "book_code": "1278658",
      "showcostcategory": "1022",
      "category": "22",
      "sub_category": "5",
      "subject": "붉은 독, 푸른 욕망",
      "intro": "\"치명적인 독처럼 거부할 수 없는 욕망이 네 손길을 따라 퍼지리라. 그리하여 모든 남자가 네 발 아래 무릎을 꿇게 될지니.\"\r\n\r\n손에 닿은 남자마다 흥분하게 만드는 능력이 생겨버렸다.\r\n\r\n여신의 저주로 내려진 능력은 세렌의 평범한 삶을 완전히 바꾸어 놓게 되는데...\r\n\r\n\r\n[역하렘물/치명여주/수위있음/이중에한명은네취향있겠지/지름작]\r\n",
      "writer_id": "ghk3094",
      "writer_name": "썬텐",
      "writer_level": "20",
      "total_bytes": "0",
      "book_img": "https://cf.joara.com/literature_file/20180429_224122.png_thumb.png",
      "chk_finish": "FALSE",
      "chk_rate": "FALSE",
      "rate_recom": "0",
      "cnt_rate": 0,
      "cnt_chapter": 92,
      "cnt_page_read": 414724,
      "cnt_recom": 9128,
      "cnt_favorite": 3795,
      "cnt_people": 0,
      "is_study": "FALSE",
      "is_ad": "FALSE",
      "is_favorite": "TRUE",
      "is_festival": "FALSE",
      "is_gidamu": "FALSE",
      "is_promise_book": "",
      "is_etcGenre": "FALSE",
      "is_scenario": "FALSE",
      "is_finish": "FALSE",
      "is_blcontest": "FALSE",
      "is_adultrofan": "FALSE",
      "is_freecontest": "FALSE",
      "is_voted": "FALSE",
      "vote_result": "FALSE",
      "finish_state": "FALSE",
      "finish_nopaydate": null,
      "finish_price": null,
      "finished": null,
      "finish_freechapter": null,
      "finish_amt_price": null,
      "finish_payrate": null,
      "is_preview": "FALSE",
      "preview_openday": "FALSE",
      "preview_opentime": "FALSE",
      "preview_price": "FALSE",
      "premium_payrate": "FALSE",
      "is_premium": "FALSE",
      "premium_nopaydate": "FALSE",
      "premium_price": "FALSE",
      "premium_freechapter": "FALSE",
      "premium_change_date": "FALSE",
      "redate": "1615898594",
      "created": "20180429224647",
      "updated": "20210316214314",
      "modifyed": "20210316214314",
      "writer_level_icon_url": "https://cf.joara.com/writer_icon/ico_author20.png",
      "heart_status": "",
      "is_festival_free": "FALSE",
      "is_letter": "FALSE",
      "festival_free_chapter": 0,
      "festival_medal_icon": "FALSE",
      "freecontest_chapter_phase": "FALSE",
      "is_notice": "FALSE",
      "premium_amt_price": "FALSE",
      "skin_id": "FALSE",
      "bookmark_sortno": 1,
      "is_rofan": "FALSE",
      "contest_icon": "FALSE",
      "contest_id": "FALSE",
      "is_adult": "FALSE",
      "is_promise": "FALSE",
      "category_name": "rofan",
      "category_ko_name": "로판",
      "is_nobless": "FALSE",
      "is_romancebl": "TRUE",
      "is_award": "FALSE",
      "head_icon_url": [],
      "new_head_icon_url": [],
      "icon_url": [
        "https://cf.joara.com/book_icon/a_new.png"
      ],
      "new_icon_url": [
        "https://cf.joara.com/book_icon/a_new.png"
      ],
      "renew_icon_url": [
        "https://cf.joara.com/book_icon/a_new.png"
      ],
      "pc_icon_url": [],
      "cnt_total_comment": 0
    },
    {
      "book_code": "1528086",
      "showcostcategory": "1022",
      "category": "22",
      "sub_category": "22",
      "subject": "내일 죽을 단역은 사랑을 바라지 않는다",
      "intro": "나는 내일 죽을 단역의 몸으로 들어오게 되었다. 그것도 아주 잔인하게 갈기갈기 찢겨 죽게 되는 단역이었다.\r\n\r\n하지만 어떻게 얻은 몸인데 이렇게 쉽게 죽는단 말인가?\r\n\r\n숲으로 들어가 죽음을 맞이하는 원작을 거슬러 아카데미에 갈 것이다.\r\n\r\n살아남아서 나의 최애를 만날 것이다!\r\n\r\n멋진 남주? 다정한 섭남? 인기투표 1위 악역?\r\n\r\n사랑 따윈 다 필요없다. 반드시 살아남아서 여주와 절친만 되면 된다.\r\n\r\n\r\n\r\n하지만 내 예상과는 전혀 다른, 이상한 전개가 시작되었다.\r\n\r\n\r\n\r\n\"널 연모하고 있어, 마들렌.\"\r\n\r\n여주를 좋아해야할 남주가, 나에게 고백을 했다.\r\n\r\n\"...못들은 걸로 할게.\"\r\n\r\n\"아니, 더이상 없던 일로 치는 거 이제 싫어.\"\r\n\r\n그것도, 오늘은 여주가 좋아하는 사람이 있다고 고백한 날이었다.\r\n\r\n\r\n\r\n\"너, 마음에 들어.\"\r\n\r\n\"뭐? 지금 나보고 너라고 했냐?\"\r\n\r\n\"내꺼 해라.\"\r\n\r\n연하의 섭남이 나에게 고백했다. 분명 어제까진 여주가 좋다고 졸졸 쫓아다녔는데...?\r\n\r\n\r\n\r\n\"좋아해.\"\r\n\r\n\"엥? 선배님은 싸패야? 저걸보고 어떻게 좋다고 할...\"\r\n\r\n\"좋아해, 후배님.\"\r\n\r\n한차례 웃어보인 후 그는 나와 맞잡은 손을 한참 동안 바라보았다. 평소처럼 어딘가 위험해보이는 미소가 아닌, 부드럽고 부끄러워하는 그런 미소였다.\r\n\r\n소설에서 피해야할 위험인물 1순위 악역이 나에게 고백을 해왔다.\r\n\r\n\r\n\r\n당혹스러웠다.\r\n\r\n나는 여주와 절친이 되려고 했을 뿐인데...\r\n\r\n\r\n\r\n#마법학교 #아카데미 #책빙의 #역하렘 #로맨스코미디 #가벼움\r\n#활발여주 #똥고발랄여주 #댕댕여주 #최애캐러버여주 #ESTP여주\r\n\r\n\r\n___________\r\n\r\n·주 5-6일 연재\r\n·표지: pixabay\r\n·이메일: chaeriibeam@gmail.com",
      "writer_id": "chaeny100",
      "writer_name": "채리빔",
      "writer_level": "10",
      "total_bytes": "0",
      "book_img": "https://cf.joara.com/literature_file/20210301_2223408784.jpeg_thumb.png",
      "chk_finish": "FALSE",
      "chk_rate": "FALSE",
      "rate_recom": "0",
      "cnt_rate": 0,
      "cnt_chapter": 25,
      "cnt_page_read": 1954,
      "cnt_recom": 72,
      "cnt_favorite": 79,
      "cnt_people": 0,
      "is_study": "FALSE",
      "is_ad": "FALSE",
      "is_favorite": "TRUE",
      "is_festival": "FALSE",
      "is_gidamu": "FALSE",
      "is_promise_book": "",
      "is_etcGenre": "FALSE",
      "is_scenario": "FALSE",
      "is_finish": "FALSE",
      "is_blcontest": "FALSE",
      "is_adultrofan": "FALSE",
      "is_freecontest": "FALSE",
      "is_voted": "FALSE",
      "vote_result": "FALSE",
      "finish_state": "FALSE",
      "finish_nopaydate": null,
      "finish_price": null,
      "finished": null,
      "finish_freechapter": null,
      "finish_amt_price": null,
      "finish_payrate": null,
      "is_preview": "FALSE",
      "preview_openday": "FALSE",
      "preview_opentime": "FALSE",
      "preview_price": "FALSE",
      "premium_payrate": "FALSE",
      "is_premium": "FALSE",
      "premium_nopaydate": "FALSE",
      "premium_price": "FALSE",
      "premium_freechapter": "FALSE",
      "premium_change_date": "FALSE",
      "redate": "1615898220",
      "created": "20210215183306",
      "updated": "20210316213700",
      "modifyed": "20210316213700",
      "writer_level_icon_url": "https://cf.joara.com/writer_icon/ico_author10.png",
      "heart_status": "",
      "is_festival_free": "FALSE",
      "is_letter": "FALSE",
      "festival_free_chapter": 0,
      "festival_medal_icon": "FALSE",
      "freecontest_chapter_phase": "FALSE",
      "is_notice": "FALSE",
      "premium_amt_price": "FALSE",
      "skin_id": "FALSE",
      "bookmark_sortno": 1,
      "is_rofan": "FALSE",
      "contest_icon": "FALSE",
      "contest_id": "FALSE",
      "is_adult": "FALSE",
      "is_promise": "FALSE",
      "category_name": "rofan",
      "category_ko_name": "로판",
      "is_nobless": "FALSE",
      "is_romancebl": "TRUE",
      "is_award": "FALSE",
      "head_icon_url": [],
      "new_head_icon_url": [],
      "icon_url": [
        "https://cf.joara.com/book_icon/a_new.png"
      ],
      "new_icon_url": [
        "https://cf.joara.com/book_icon/a_new.png"
      ],
      "renew_icon_url": [
        "https://cf.joara.com/book_icon/a_new.png"
      ],
      "pc_icon_url": [],
      "cnt_total_comment": 0
    },
    {
      "book_code": "1532682",
      "showcostcategory": "1022",
      "category": "22",
      "sub_category": "4",
      "subject": "숫태창 뜬 썰 푼다.ssul",
      "intro": "“숫태창!”\r\n띵!\r\n\r\n___♡수컷 상태창!♡___\r\n【북부 대공】 등급: A+급 수컷(레어급)\r\n인간 수놈, 25년 5개월, 흑발, 흑안, 서리처럼 차가운 눈빛, 얼음을 깎아지른 듯 완벽한 얼굴, 혹한을 견디며 실전으로 단련한 전설급* 몸매\r\n특징: 왕국 내 톱클래스의 절륜남이라는 소문이 자자함(시크릿 레어급), 최신 민간 설문조사 결과 왕국 내 인기남 순위 1등을 차지(새로운!)\r\n필살기: ‘내 여자한테만 따뜻하기(S급)’\r\n_________________\r\n\r\n낙서한 메르헨 속 공주님에 빙의했다. 내 히든 스킬은 ‘수컷 상태창♡’이었다.\r\n\r\n“왕녀님을 지킬 것을 맹세합니다.”\r\n[(!)하트♥가 저장되었습니다!]\r\n북부 대공부터,\r\n\r\n“전 왕녀님의 것입니다.”\r\n[(!)하트♥가 저장되었습니다!]\r\n남부 백작, 그리고 옆 나라 왕자를 포함한 이 동화책 속 수컷 모두 목줄을 차고 내 ‘역하렘 축사♡’ 안에 갇히고 싶어 해서 곤란하다.\r\n\r\n근데 여기 진짜 동화 속 맞아?\r\n무슨 창놈이 이렇게 많아!\r\n\r\n[여주판/빙의/병맛/역하렘/상태창/가벼움/개그/로코/족켓몬 어드벤처/메르헨]\r\n\r\n\r\n(ppittakseon@naver.com)",
      "writer_id": "ppittakseon",
      "writer_name": "삐딱선a",
      "writer_level": "40",
      "total_bytes": "0",
      "book_img": "https://cf.joara.com/literature_file/20210306_0848353451.png_thumb.png",
      "chk_finish": "FALSE",
      "chk_rate": "TRUE",
      "rate_recom": "0",
      "cnt_rate": 0,
      "cnt_chapter": 2,
      "cnt_page_read": 43,
      "cnt_recom": 0,
      "cnt_favorite": 7,
      "cnt_people": 0,
      "is_study": "FALSE",
      "is_ad": "FALSE",
      "is_favorite": "TRUE",
      "is_festival": "FALSE",
      "is_gidamu": "FALSE",
      "is_promise_book": "",
      "is_etcGenre": "FALSE",
      "is_scenario": "FALSE",
      "is_finish": "FALSE",
      "is_blcontest": "FALSE",
      "is_adultrofan": "FALSE",
      "is_freecontest": "FALSE",
      "is_voted": "FALSE",
      "vote_result": "FALSE",
      "finish_state": "FALSE",
      "finish_nopaydate": null,
      "finish_price": null,
      "finished": null,
      "finish_freechapter": null,
      "finish_amt_price": null,
      "finish_payrate": null,
      "is_preview": "FALSE",
      "preview_openday": "FALSE",
      "preview_opentime": "FALSE",
      "preview_price": "FALSE",
      "premium_payrate": "FALSE",
      "is_premium": "FALSE",
      "premium_nopaydate": "FALSE",
      "premium_price": "FALSE",
      "premium_freechapter": "FALSE",
      "premium_change_date": "FALSE",
      "redate": "1615898022",
      "created": "20210305072738",
      "updated": "20210316213342",
      "modifyed": "20210316213342",
      "writer_level_icon_url": "https://cf.joara.com/writer_icon/ico_author40.png",
      "heart_status": "",
      "is_festival_free": "FALSE",
      "is_letter": "FALSE",
      "festival_free_chapter": 0,
      "festival_medal_icon": "FALSE",
      "freecontest_chapter_phase": "FALSE",
      "is_notice": "FALSE",
      "premium_amt_price": "FALSE",
      "skin_id": "FALSE",
      "bookmark_sortno": 0,
      "is_rofan": "FALSE",
      "contest_icon": "FALSE",
      "contest_id": "FALSE",
      "is_adult": "FALSE",
      "is_promise": "FALSE",
      "category_name": "rofan",
      "category_ko_name": "로판",
      "is_nobless": "FALSE",
      "is_romancebl": "TRUE",
      "is_award": "FALSE",
      "head_icon_url": [],
      "new_head_icon_url": [],
      "icon_url": [],
      "new_icon_url": [],
      "renew_icon_url": [],
      "pc_icon_url": [],
      "cnt_total_comment": 0
    },
    {
      "book_code": "1529098",
      "showcostcategory": "1022",
      "category": "22",
      "sub_category": "22",
      "subject": "이세계의 마녀로 살아남아야합니다",
      "intro": "죽고 난 뒤, 신과 어이없는 계약으로 다른 세계에서 살아가게 되었다. \r\n여긴 내가 읽었던 소설 속 세상이었다. \r\n[마녀 복수를 시작합니다] \r\n그리고 그 소설 속에서 내가 살아가게 된 인물은, \r\n여주를 독살하려다 역으로 끔살당하는 1화 분량의 역할을 맡고 있는 이였다. \r\n\r\n'얘로 6년을 살아라고?'\r\n\r\n처음에는 죽을 역할의 몸에 들어왔다는 사실에 당황했지만, 남주들을 좋아하지도 좋아할 일도 없는 내게 여주를 독살할 이유는 없으니 욕심내기로 마음먹은 애정을 맘껏 받으면서 그들과 만나지 않도록 집콕 라이프의 평화를 누리기로 했다. \r\n\r\n하지만,\r\n\r\n'뭐야, 얘들 왜이래?'\r\n\r\n죽음을 피하려고 노력하니 이상하게 꼬여만 갔다. \r\n\r\n\r\n\"넌 원래 내 반려로 내정되었던 여자였어. 한 눈 팔지마, 가둬두고 싶어지니까.\"\r\n- 여주에게 미쳐 폐륜을 저질러야 하는 미친 황태자.\r\n\r\n\"만지고 싶습니다. 조금더 깊게, 오래... 안 됩니까?\"\r\n- 여주에게 홀랑 넘어가 자신의 주군의 목을 베어야 하는 결벽 소공자.\r\n\r\n\"재밌어요. 지금 제게 가장 흥미로운 건 당신인데... 어떻게 하면 넘어와 줄래요?\"\r\n- 여주에게만 흥미를 느껴 그녀의 손에 움직이는 척 할 도덕심 팔아먹은 마탑주.\r\n\r\n심지어\r\n\r\n\"예쁘네요. 탐나, 아주 많이.\"\r\n- 복수하느라 바빠야 할 여주\r\n\r\n얘까지 이상하다. \r\n.\r\n.\r\n.\r\n너네 대체 나한테 왜 이러는데.\r\n\r\n[월.수.금 연재입니다^^-일하면서 올리느라;;;]\r\n\r\n[날 죽일 놈들이 이상함/여주가 날 먹고싶어하는 것 같음/계속 감금플레이를 지껄이는 황태자/여주밖에 못 만지는 결벽증 주제에 계속 껄떡대는 소공자/ 흥미를 주는 것을 갖기 위해서는 도덕심따위 1도 없는 마탑주/ 아빠랑 꿀떨어지게 행복한 평화를 누리고픈 나] ",
      "writer_id": "skgus45678",
      "writer_name": "Jullyally",
      "writer_level": "20",
      "total_bytes": "0",
      "book_img": "https://cf.joara.com/literature_file/cover_file/20190415_153817.jpg",
      "chk_finish": "FALSE",
      "chk_rate": "TRUE",
      "rate_recom": "0",
      "cnt_rate": 0,
      "cnt_chapter": 14,
      "cnt_page_read": 778,
      "cnt_recom": 20,
      "cnt_favorite": 53,
      "cnt_people": 0,
      "is_study": "FALSE",
      "is_ad": "FALSE",
      "is_favorite": "TRUE",
      "is_festival": "FALSE",
      "is_gidamu": "FALSE",
      "is_promise_book": "",
      "is_etcGenre": "FALSE",
      "is_scenario": "FALSE",
      "is_finish": "FALSE",
      "is_blcontest": "FALSE",
      "is_adultrofan": "FALSE",
      "is_freecontest": "FALSE",
      "is_voted": "FALSE",
      "vote_result": "FALSE",
      "finish_state": "FALSE",
      "finish_nopaydate": null,
      "finish_price": null,
      "finished": null,
      "finish_freechapter": null,
      "finish_amt_price": null,
      "finish_payrate": null,
      "is_preview": "FALSE",
      "preview_openday": "FALSE",
      "preview_opentime": "FALSE",
      "preview_price": "FALSE",
      "premium_payrate": "FALSE",
      "is_premium": "FALSE",
      "premium_nopaydate": "FALSE",
      "premium_price": "FALSE",
      "premium_freechapter": "FALSE",
      "premium_change_date": "FALSE",
      "redate": "1615897958",
      "created": "20210219030837",
      "updated": "20210316213238",
      "modifyed": "20210316213521",
      "writer_level_icon_url": "https://cf.joara.com/writer_icon/ico_author20.png",
      "heart_status": "",
      "is_festival_free": "FALSE",
      "is_letter": "FALSE",
      "festival_free_chapter": 0,
      "festival_medal_icon": "FALSE",
      "freecontest_chapter_phase": "FALSE",
      "is_notice": "TRUE",
      "premium_amt_price": "FALSE",
      "skin_id": "FALSE",
      "bookmark_sortno": 0,
      "is_rofan": "FALSE",
      "contest_icon": "FALSE",
      "contest_id": "FALSE",
      "is_adult": "FALSE",
      "is_promise": "FALSE",
      "category_name": "rofan",
      "category_ko_name": "로판",
      "is_nobless": "FALSE",
      "is_romancebl": "TRUE",
      "is_award": "FALSE",
      "head_icon_url": [],
      "new_head_icon_url": [],
      "icon_url": [],
      "new_icon_url": [],
      "renew_icon_url": [],
      "pc_icon_url": [],
      "cnt_total_comment": 0
    },
    {
      "book_code": "1284336",
      "showcostcategory": "1222",
      "category": "22",
      "sub_category": "1",
      "subject": "붉은 독, 푸른 욕망 노블",
      "intro": "붉은 독 푸른 욕망 노블입니다.",
      "writer_id": "ghk3094",
      "writer_name": "썬텐",
      "writer_level": "20",
      "total_bytes": "0",
      "book_img": "https://cf.joara.com/literature_file/20180525_235921.png_thumb.png",
      "chk_finish": "FALSE",
      "chk_rate": "FALSE",
      "rate_recom": "0",
      "cnt_rate": 0,
      "cnt_chapter": 13,
      "cnt_page_read": 60753,
      "cnt_recom": 599,
      "cnt_favorite": 1058,
      "cnt_people": 0,
      "is_study": "FALSE",
      "is_ad": "FALSE",
      "is_favorite": "FALSE",
      "is_festival": "FALSE",
      "is_gidamu": "FALSE",
      "is_promise_book": "",
      "is_etcGenre": "FALSE",
      "is_scenario": "FALSE",
      "is_finish": "FALSE",
      "is_blcontest": "FALSE",
      "is_adultrofan": "FALSE",
      "is_freecontest": "FALSE",
      "is_voted": "FALSE",
      "vote_result": "FALSE",
      "finish_state": "FALSE",
      "finish_nopaydate": null,
      "finish_price": null,
      "finished": null,
      "finish_freechapter": null,
      "finish_amt_price": null,
      "finish_payrate": null,
      "is_preview": "FALSE",
      "preview_openday": "FALSE",
      "preview_opentime": "FALSE",
      "preview_price": "FALSE",
      "premium_payrate": "FALSE",
      "is_premium": "FALSE",
      "premium_nopaydate": "FALSE",
      "premium_price": "FALSE",
      "premium_freechapter": "FALSE",
      "premium_change_date": "FALSE",
      "redate": "1615897810",
      "created": "20180526000209",
      "updated": "20210316213010",
      "modifyed": "20210316213010",
      "writer_level_icon_url": "https://cf.joara.com/writer_icon/ico_author20.png",
      "heart_status": "",
      "is_festival_free": "FALSE",
      "is_letter": "FALSE",
      "festival_free_chapter": 0,
      "festival_medal_icon": "FALSE",
      "freecontest_chapter_phase": "FALSE",
      "is_notice": "FALSE",
      "premium_amt_price": "FALSE",
      "skin_id": "FALSE",
      "bookmark_sortno": 0,
      "is_rofan": "FALSE",
      "contest_icon": "FALSE",
      "contest_id": "FALSE",
      "is_adult": "TRUE",
      "is_promise": "FALSE",
      "category_name": "rofan",
      "category_ko_name": "로판",
      "is_nobless": "TRUE",
      "is_romancebl": "TRUE",
      "is_award": "FALSE",
      "head_icon_url": [],
      "new_head_icon_url": [],
      "icon_url": [
        "https://cf.joara.com/book_icon/a_nobless.png"
      ],
      "new_icon_url": [
        "https://cf.joara.com/book_icon/mobile_icon_v4_nobless.png"
      ],
      "renew_icon_url": [
        "https://cf.joara.com/book_icon/mobile_icon_v4_nobless.png"
      ],
      "pc_icon_url": [],
      "cnt_total_comment": 0
    },
    {
      "book_code": "1535370",
      "showcostcategory": "1022",
      "category": "22",
      "sub_category": "22",
      "subject": "수호자가 행복했으면 좋겠어요!",
      "intro": "제국의 황녀 이시아스, 18살 성인식을 무사히 잘 지내고 방으로 돌아와 잠이 들었다.\r\n그런데 눈을 떠보니 대한민국의 평범한 고등학생이 되어 버렸다. 신에게 빌고 또 빌었다. 제발 돌아가게 해달라고. 신의 변덕인지 축복인지 나는 이곳에 온 지 3년만에 다시 원래 세상에서 눈을 뜰 수 있었고 원래 세상은 겨우 3개월 밖에 흐르지 않았다.\r\n\r\n\r\n그런데\r\n\r\n\r\n기억에 구멍이 생긴 것 같다.\r\n\r\n\r\n\"율리스가 내 반려라고?\"\r\n\r\n\"내가 성력을 쓸 줄 알아?\"\r\n\r\n\r\n그것보다 미치겠는 건 자꾸 관심가는 사람이 나를 피한다는 것이다.\r\n내 그림자라면서 내 수호자라면서 무슨 비밀이 이렇게나 많은지 나름 열심히 꼬시는데 쉽게 넘어오지 않는다. \r\n\r\n\r\n\r\n나 황녀인데? 돈도 많아! 얼굴도 예뻐! 너만 좋아한다니까! \r\n\r\n\r\n\r\n그러다 청천병력 같은 사실을 들어 버렸다.\r\n\r\n\r\n\"수호자는 반려가 될 수 없어 예언서는 절대적이다.\"\r\n\r\n\r\n100년에 한 번 선택받은 신의 아이인 황녀가 태어난다. 그리고 그녀를 지키는 수호자도 함께. 황녀를 사랑한 수호자의 말로를 보았다. 끔찍하게 비극적이고 소름끼치게 불행해지는. \r\n\r\n\r\n예언서고 나발이고 나는 내 수호자랑 꼭 사랑해야겠으니까 방해물은 다 비켜\r\n\r\n\r\n\"그런데 수호자는 어떻게 꼬셔야 한다고요?\"\r\n\r\n\r\n\r\n\r\n\r\n\r\n#직직여 #운명따위 #기억상실 #짝사랑 착각 #성력 #남주한정로맨스\r\n#연하남 #구원 #마탑주 #존댓말 #여주한정다정남 #쌍방짝사랑 #비밀\r\n#약간의 피폐와 많은 노력의 달달함...(노력은 했어요)\r\n\r\n\r\n\r\n\r\n\r\n\r\n",
      "writer_id": "soe25",
      "writer_name": "SOE",
      "writer_level": "",
      "total_bytes": "0",
      "book_img": "https://cf.joara.com/literature_file/merge/2021/03/16158977647109.jpg",
      "chk_finish": "FALSE",
      "chk_rate": "FALSE",
      "rate_recom": "0",
      "cnt_rate": 0,
      "cnt_chapter": 2,
      "cnt_page_read": 2,
      "cnt_recom": 0,
      "cnt_favorite": 1,
      "cnt_people": 0,
      "is_study": "FALSE",
      "is_ad": "FALSE",
      "is_favorite": "FALSE",
      "is_festival": "FALSE",
      "is_gidamu": "FALSE",
      "is_promise_book": "",
      "is_etcGenre": "FALSE",
      "is_scenario": "FALSE",
      "is_finish": "FALSE",
      "is_blcontest": "FALSE",
      "is_adultrofan": "FALSE",
      "is_freecontest": "FALSE",
      "is_voted": "FALSE",
      "vote_result": "FALSE",
      "finish_state": "FALSE",
      "finish_nopaydate": null,
      "finish_price": null,
      "finished": null,
      "finish_freechapter": null,
      "finish_amt_price": null,
      "finish_payrate": null,
      "is_preview": "FALSE",
      "preview_openday": "FALSE",
      "preview_opentime": "FALSE",
      "preview_price": "FALSE",
      "premium_payrate": "FALSE",
      "is_premium": "FALSE",
      "premium_nopaydate": "FALSE",
      "premium_price": "FALSE",
      "premium_freechapter": "FALSE",
      "premium_change_date": "FALSE",
      "redate": "1615897764",
      "created": "20210316212924",
      "updated": "20210316212924",
      "modifyed": "20210316214930",
      "writer_level_icon_url": "",
      "heart_status": "",
      "is_festival_free": "FALSE",
      "is_letter": "FALSE",
      "festival_free_chapter": 0,
      "festival_medal_icon": "FALSE",
      "freecontest_chapter_phase": "FALSE",
      "is_notice": "FALSE",
      "premium_amt_price": "FALSE",
      "skin_id": "FALSE",
      "bookmark_sortno": 0,
      "is_rofan": "FALSE",
      "contest_icon": "FALSE",
      "contest_id": "FALSE",
      "is_adult": "FALSE",
      "is_promise": "FALSE",
      "category_name": "rofan",
      "category_ko_name": "로판",
      "is_nobless": "FALSE",
      "is_romancebl": "TRUE",
      "is_award": "FALSE",
      "head_icon_url": [],
      "new_head_icon_url": [],
      "icon_url": [],
      "new_icon_url": [],
      "renew_icon_url": [],
      "pc_icon_url": [],
      "cnt_total_comment": 0
    },
    {
      "book_code": "1533621",
      "showcostcategory": "1022",
      "category": "22",
      "sub_category": "0",
      "subject": "공주는 비의존적 히로인",
      "intro": "아비가 허울 좋은 왕의 이름을 유지하기 위해, 열두살의 오브리는 볼모로 제국의 한 영지에 보내져 성인이 될 때까지 위탁양육되었다. \n19세 생일, 성인식 이후 오브리는 예정대로 왕국으로 돌아갈까?\n오브리 드 프리부르는 타인에게 의지하지 않는다.\n\n***\n공주가 그렇게 사라질리가 없다. \n이렇게 소식이 없으면 죽은 게 분명하다고 모두가 말했지만 안셀은 증거없이는 낭설일 뿐이라고 믿었다. 그렇지 않으면 무너질 것 같았다.\n사는 재미가 없던 어느 날, 그는 직장에서 사라진 공주와 몹시 닮은 남자를 만났다.",
      "writer_id": "gyewonkenny",
      "writer_name": "스톨테",
      "writer_level": "",
      "total_bytes": "0",
      "book_img": "https://cf.joara.com/literature_file/1791296_1615884153_thumb.png",
      "chk_finish": "FALSE",
      "chk_rate": "FALSE",
      "rate_recom": "0",
      "cnt_rate": 0,
      "cnt_chapter": 12,
      "cnt_page_read": 266,
      "cnt_recom": 20,
      "cnt_favorite": 16,
      "cnt_people": 0,
      "is_study": "FALSE",
      "is_ad": "FALSE",
      "is_favorite": "FALSE",
      "is_festival": "FALSE",
      "is_gidamu": "FALSE",
      "is_promise_book": "",
      "is_etcGenre": "FALSE",
      "is_scenario": "FALSE",
      "is_finish": "FALSE",
      "is_blcontest": "FALSE",
      "is_adultrofan": "FALSE",
      "is_freecontest": "FALSE",
      "is_voted": "FALSE",
      "vote_result": "FALSE",
      "finish_state": "FALSE",
      "finish_nopaydate": null,
      "finish_price": null,
      "finished": null,
      "finish_freechapter": null,
      "finish_amt_price": null,
      "finish_payrate": null,
      "is_preview": "FALSE",
      "preview_openday": "FALSE",
      "preview_opentime": "FALSE",
      "preview_price": "FALSE",
      "premium_payrate": "FALSE",
      "is_premium": "FALSE",
      "premium_nopaydate": "FALSE",
      "premium_price": "FALSE",
      "premium_freechapter": "FALSE",
      "premium_change_date": "FALSE",
      "redate": "1615897674",
      "created": "20210309171840",
      "updated": "20210316212754",
      "modifyed": "20210316212754",
      "writer_level_icon_url": "",
      "heart_status": "",
      "is_festival_free": "FALSE",
      "is_letter": "FALSE",
      "festival_free_chapter": 0,
      "festival_medal_icon": "FALSE",
      "freecontest_chapter_phase": "FALSE",
      "is_notice": "TRUE",
      "premium_amt_price": "FALSE",
      "skin_id": "FALSE",
      "bookmark_sortno": 0,
      "is_rofan": "FALSE",
      "contest_icon": "FALSE",
      "contest_id": "FALSE",
      "is_adult": "FALSE",
      "is_promise": "FALSE",
      "category_name": "rofan",
      "category_ko_name": "로판",
      "is_nobless": "FALSE",
      "is_romancebl": "TRUE",
      "is_award": "FALSE",
      "head_icon_url": [],
      "new_head_icon_url": [],
      "icon_url": [],
      "new_icon_url": [],
      "renew_icon_url": [],
      "pc_icon_url": [],
      "cnt_total_comment": 0
    },
    {
      "book_code": "1533455",
      "showcostcategory": "1022",
      "category": "22",
      "sub_category": "22",
      "subject": "원작에서 하차하겠습니다",
      "intro": "‘빛의 정령사’라는 소설 속에 이름조차 제대로 나오지 않는 엑스트라로 태어났다.\r\n이왕 소설속에 태어난 거 주인공들은 봐야하지 않겠어?\r\n\r\n베로니카는 의도적으로 주인공들에게 접근하여 그들과 어떻게 해서든 엮이려 했다.\r\n그 결과 운 좋게도 그들과 친한 친구사이가 되었고 남자 주인공 중 한명인 미카엘 페르딘과 연애까지 하게되었다.\r\n\r\n원작대로라면 미카엘은 주인공인 아이린의 어장속에 갇혀 있어야 하겠지만….\r\n결국 그와 사랑을 속삭이는 것은 베로니카가 되었다. \r\n\r\n그렇게 미카엘과 연애도 하고 약혼을 치른 지 5년.\r\n베로니카는 저와의 약속을 깨고 다정하게 보석상에 들어가는 아이린과 미카엘을 보며 절망했다.\r\n미카엘은 아직도 아이린의 어장에 갇혀 있었다.\r\n\r\n\"·····이제는 그만해야겠어.\"\r\n\r\n제 아무리 발버둥치고, 노력한다고 한들 원작은 절대 바뀌지 않는다. \r\n이렇게 계속해서 원작에 휘둘리고 상처만 입게 된다면·····.\r\n\r\n“원작에서 하차하겠어.”\r\n\r\n***\r\n\r\n미카엘에게 파혼을 고하고, 아이린과의 연을 끊었다.\r\n주변에서 미카엘과의 파혼건에 대해 이리저리 시끄러워 그들을 피해 남부 영지로 내려갔다. \r\n그런데·····. \r\n\r\n“꺄아아악!”\r\n\r\n잠자고 눈을 떠보니 옆에 웬 남자가 누워 있었다.\r\n\r\n넌 대체 누구야?!\r\n\r\n\r\n\r\n\r\n#후회물 #정령사 여주 #용서가 뭐죠? #폐차는 재활용하는 것이 아닙니다\r\n\r\n메일: soom9924@naver.com",
      "writer_id": "soom9924",
      "writer_name": "하얀호1",
      "writer_level": "20",
      "total_bytes": "0",
      "book_img": "https://cf.joara.com/literature_file/cover_file/20190415_153817.jpg",
      "chk_finish": "FALSE",
      "chk_rate": "FALSE",
      "rate_recom": "0",
      "cnt_rate": 0,
      "cnt_chapter": 4,
      "cnt_page_read": 897,
      "cnt_recom": 26,
      "cnt_favorite": 112,
      "cnt_people": 0,
      "is_study": "FALSE",
      "is_ad": "FALSE",
      "is_favorite": "FALSE",
      "is_festival": "FALSE",
      "is_gidamu": "FALSE",
      "is_promise_book": "",
      "is_etcGenre": "FALSE",
      "is_scenario": "FALSE",
      "is_finish": "FALSE",
      "is_blcontest": "FALSE",
      "is_adultrofan": "FALSE",
      "is_freecontest": "FALSE",
      "is_voted": "FALSE",
      "vote_result": "FALSE",
      "finish_state": "FALSE",
      "finish_nopaydate": null,
      "finish_price": null,
      "finished": null,
      "finish_freechapter": null,
      "finish_amt_price": null,
      "finish_payrate": null,
      "is_preview": "FALSE",
      "preview_openday": "FALSE",
      "preview_opentime": "FALSE",
      "preview_price": "FALSE",
      "premium_payrate": "FALSE",
      "is_premium": "FALSE",
      "premium_nopaydate": "FALSE",
      "premium_price": "FALSE",
      "premium_freechapter": "FALSE",
      "premium_change_date": "FALSE",
      "redate": "1615897569",
      "created": "20210308212313",
      "updated": "20210316212609",
      "modifyed": "20210316212609",
      "writer_level_icon_url": "https://cf.joara.com/writer_icon/ico_author20.png",
      "heart_status": "",
      "is_festival_free": "FALSE",
      "is_letter": "FALSE",
      "festival_free_chapter": 0,
      "festival_medal_icon": "FALSE",
      "freecontest_chapter_phase": "FALSE",
      "is_notice": "FALSE",
      "premium_amt_price": "FALSE",
      "skin_id": "FALSE",
      "bookmark_sortno": 0,
      "is_rofan": "FALSE",
      "contest_icon": "FALSE",
      "contest_id": "FALSE",
      "is_adult": "FALSE",
      "is_promise": "FALSE",
      "category_name": "rofan",
      "category_ko_name": "로판",
      "is_nobless": "FALSE",
      "is_romancebl": "TRUE",
      "is_award": "FALSE",
      "head_icon_url": [],
      "new_head_icon_url": [],
      "icon_url": [],
      "new_icon_url": [],
      "renew_icon_url": [],
      "pc_icon_url": [],
      "cnt_total_comment": 0
    }
  ]
}