{
  "status": 1,
  "banner": [
    {
      "idx": "15498",
      "imgfile": "https://cf.joara.com/banner_file/20210121_141109.jpg",
      "joaralink": "joaralink://event?event_id=8407",
      "is_banner_cnt": "N"
    },
    {
      "idx": "15528",
      "imgfile": "https://cf.joara.com/banner_file/20210122_172527.jpg",
      "joaralink": "joaralink://book?book_code=1362837",
      "is_banner_cnt": "N"
    },
    {
      "idx": "15515",
      "imgfile": "https://cf.joara.com/banner_file/20210122_123601.png",
      "joaralink": "joaralink://event?event_id=8425",
      "is_banner_cnt": "N"
    },
    {
      "idx": "15513",
      "imgfile": "https://cf.joara.com/banner_file/20210122_123025.jpg",
      "joaralink": "joaralink://event?event_id=8422",
      "is_banner_cnt": "N"
    },
    {
      "idx": "15511",
      "imgfile": "https://cf.joara.com/banner_file/20210122_112059.jpg",
      "joaralink": "joaralink://event?event_id=8419",
      "is_banner_cnt": "N"
    },
    {
      "idx": "15507",
      "imgfile": "https://cf.joara.com/banner_file/20210122_105216.jpg",
      "joaralink": "joaralink://event?event_id=8416",
      "is_banner_cnt": "N"
    },
    {
      "idx": "15505",
      "imgfile": "https://cf.joara.com/banner_file/20210122_104812.png",
      "joaralink": "joaralink://event?event_id=8413",
      "is_banner_cnt": "N"
    },
    {
      "idx": "15503",
      "imgfile": "https://cf.joara.com/banner_file/20210122_101932.jpg",
      "joaralink": "joaralink://event?event_id=8410",
      "is_banner_cnt": "N"
    },
    {
      "idx": "15494",
      "imgfile": "https://cf.joara.com/banner_file/20210121_140529.jpg",
      "joaralink": "joaralink://event?event_id=8404",
      "is_banner_cnt": "N"
    },
    {
      "idx": "15492",
      "imgfile": "https://cf.joara.com/banner_file/20210121_140156.jpg",
      "joaralink": "joaralink://event?event_id=8401",
      "is_banner_cnt": "N"
    },
    {
      "idx": "15490",
      "imgfile": "https://cf.joara.com/banner_file/20210121_135804.jpg",
      "joaralink": "joaralink://event?event_id=8398",
      "is_banner_cnt": "N"
    },
    {
      "idx": "15488",
      "imgfile": "https://cf.joara.com/banner_file/20210121_133759.png",
      "joaralink": "joaralink://event?event_id=8395",
      "is_banner_cnt": "N"
    },
    {
      "idx": "15481",
      "imgfile": "https://cf.joara.com/banner_file/20210120_150759.jpg",
      "joaralink": "joaralink://event?event_id=8391",
      "is_banner_cnt": "N"
    },
    {
      "idx": "15466",
      "imgfile": "https://cf.joara.com/banner_file/20210119_152428.jpg",
      "joaralink": "joaralink://eurl?url=https%3A%2F%2Fwebtoon.joara.com%2Fevent%2F553&bridge=true",
      "is_banner_cnt": "N"
    },
    {
      "idx": "15368",
      "imgfile": "https://cf.joara.com/banner_file/20210112_101809.jpg",
      "joaralink": "joaralink://list?type=type_new&position=1",
      "is_banner_cnt": "N"
    },
    {
      "idx": "15308",
      "imgfile": "https://cf.joara.com/banner_file/20210106_173202.jpg",
      "joaralink": "joaralink://shop?tabIndex=0",
      "is_banner_cnt": "N"
    }
  ]
}