{
  "status": 1,
  "total_cnt": "352",
  "page": 1,
  "offset": 20,
  "notices": [
    {
      "nid": "1000050",
      "title": "제15회 77FESTIVAL 4주차 주간 수상작 발표",
      "content": "",
      "clipfile": "",
      "member_id": "joaralmj",
      "member_name": "운영자",
      "cnt_read": "23",
      "cnt_recom": "0",
      "cnt_comment": "0",
      "wdate": "1613623140",
      "created": "20210218133900",
      "kind": "",
      "sub_bbsid": ""
    },
    {
      "nid": "1000049",
      "title": "제15회 77FESTIVAL 3주차 주간 수상작 발표",
      "content": "",
      "clipfile": "",
      "member_id": "joaralmj",
      "member_name": "운영자",
      "cnt_read": "105",
      "cnt_recom": "0",
      "cnt_comment": "0",
      "wdate": "1612853580",
      "created": "20210209155300",
      "kind": "",
      "sub_bbsid": ""
    },
    {
      "nid": "1000048",
      "title": "‘축! 작가 각성!’ 1월 대상 작품",
      "content": "",
      "clipfile": "",
      "member_id": "joaralmj",
      "member_name": "운영자",
      "cnt_read": "18",
      "cnt_recom": "0",
      "cnt_comment": "0",
      "wdate": "1612428540",
      "created": "20210204174900",
      "kind": "",
      "sub_bbsid": ""
    },
    {
      "nid": "1000047",
      "title": "제15회 77FESTIVAL 2주차 주간 수상작 발표",
      "content": "",
      "clipfile": "",
      "member_id": "joaralmj",
      "member_name": "운영자",
      "cnt_read": "21",
      "cnt_recom": "0",
      "cnt_comment": "0",
      "wdate": "1612415760",
      "created": "20210204141600",
      "kind": "",
      "sub_bbsid": ""
    },
    {
      "nid": "1000046",
      "title": "반응형 통합웹 PC환경 개선사항 안내",
      "content": "",
      "clipfile": "",
      "member_id": "joaralmj",
      "member_name": "운영자",
      "cnt_read": "33",
      "cnt_recom": "0",
      "cnt_comment": "0",
      "wdate": "1612408260",
      "created": "20210204121100",
      "kind": "",
      "sub_bbsid": ""
    },
    {
      "nid": "1000044",
      "title": "제15회 77FESTIVAL 1주차 주간 수상작 발표",
      "content": "",
      "clipfile": "",
      "member_id": "joaralmj",
      "member_name": "운영자",
      "cnt_read": "35",
      "cnt_recom": "0",
      "cnt_comment": "0",
      "wdate": "1611889980",
      "created": "20210129121300",
      "kind": "",
      "sub_bbsid": ""
    },
    {
      "nid": "1000043",
      "title": "‘축! 작가 각성!’ 12월 대상 작품",
      "content": "",
      "clipfile": "",
      "member_id": "joaralmj",
      "member_name": "운영자",
      "cnt_read": "95",
      "cnt_recom": "0",
      "cnt_comment": "0",
      "wdate": "1609981020",
      "created": "20210107095700",
      "kind": "",
      "sub_bbsid": ""
    },
    {
      "nid": "1000042",
      "title": "NOTY 결과 페이지 테스트",
      "content": "",
      "clipfile": "",
      "member_id": "joaralmj",
      "member_name":"운영자",
      "cnt_read": "180",
      "cnt_recom": "0",
      "cnt_comment": "0",
      "wdate": "1609204320",
      "created": "20201229101200",
      "kind": "",
      "sub_bbsid": ""
    },
    {
      "nid": "1000041",
      "title":  "제 15회 77페스티벌",
      "content": "",
      "clipfile": "",
      "member_id": "joaralmj",
      "member_name": "운영자",
      "cnt_read": "257",
      "cnt_recom": "0",
      "cnt_comment": "0",
      "wdate": "1607583900",
      "created": "20201210160500",
      "kind": "",
      "sub_bbsid": ""
    },
    {
      "nid": "1000040",
      "title": "‘축! 작가 각성!’ 11월 대상 작품",
      "content": "",
      "clipfile": "",
      "member_id": "joaralmj",
      "member_name": "운영자",
      "cnt_read": "27",
      "cnt_recom": "0",
      "cnt_comment": "0",
      "wdate": "1607300580",
      "created": "20201207092300",
      "kind": "",
      "sub_bbsid": ""
    },
    {
      "nid": "1000039",
      "title": "NOTY 공지 1201",
      "content": "",
      "clipfile": "",
      "member_id": "joaralmj",
      "member_name": "운영자",
      "cnt_read": "52",
      "cnt_recom": "0",
      "cnt_comment": "0",
      "wdate": "1606785960",
      "created": "20201201102600",
      "kind": "",
      "sub_bbsid": ""
    },
    {
      "nid": "1000038",
      "title": "피닉스 페스타 1",
      "content": "",
      "clipfile": "",
      "member_id": "joaralmj",
      "member_name": "운영자",
      "cnt_read": "49",
      "cnt_recom": "0",
      "cnt_comment": "0",
      "wdate": "1606699800",
      "created": "20201130103000",
      "kind": "",
      "sub_bbsid": ""
    },
    {
      "nid": "1000037",
      "title": "기다무 공모전 결과 발표",
      "content": "",
      "clipfile": "",
      "member_id": "joaralmj",
      "member_name": "운영자",
      "cnt_read": "91",
      "cnt_recom": "0",
      "cnt_comment": "0",
      "wdate": "1606270080",
      "created": "20201125110800",
      "kind": "",
      "sub_bbsid": ""
    },
    {
      "nid": "1000036",
      "title": "NOTY 테스트",
      "content": "",
      "clipfile": "",
      "member_id": "joaralmj",
      "member_name": "운영자",
      "cnt_read": "233",
      "cnt_recom": "0",
      "cnt_comment": "0",
      "wdate": "1606120020",
      "created": "20201123172700",
      "kind": "",
      "sub_bbsid": ""
    },
    {
      "nid": "1000035",
      "title": "제8회 Novel Of The Year <2020 NOTY>",
      "content": "",
      "clipfile": "",
      "member_id": "joaralmj",
      "member_name": "운영자",
      "cnt_read": "87",
      "cnt_recom": "0",
      "cnt_comment": "0",
      "wdate": "1606120020",
      "created": "20201123172700",
      "kind": "",
      "sub_bbsid": ""
    },
    {
      "nid": "1000034",
      "title":  "조아라 2020 인포그래픽",
      "content": "",
      "clipfile": "",
      "member_id": "joaralmj",
      "member_name": "운영자",
      "cnt_read": "18",
      "cnt_recom": "0",
      "cnt_comment": "0",
      "wdate": "1605224340",
      "created": "20201113083900",
      "kind": "",
      "sub_bbsid": ""
    },
    {
      "nid": "1000033",
      "title": "test1",
      "content": "",
      "clipfile": "",
      "member_id": "joaralmj",
      "member_name": "운영자",
      "cnt_read": "8",
      "cnt_recom": "0",
      "cnt_comment": "0",
      "wdate": "1605059640",
      "created": "20201111105400",
      "kind": "",
      "sub_bbsid": ""
    },
    {
      "nid": "1000032",
      "title": "‘축! 작가 각성!’ 10월 대상 작품",
      "content": "",
      "clipfile": "",
      "member_id": "joaralmj",
      "member_name": "운영자",
      "cnt_read": "12",
      "cnt_recom": "0",
      "cnt_comment": "0",
      "wdate": "1604481420",
      "created": "20201104181700",
      "kind": "",
      "sub_bbsid": ""
    },
    {
      "nid": "1000031",
      "title": "조아라 PC웹사이트 전환에 따른 서비스 지원종료 일정 안내",
      "content": "",
      "clipfile": "",
      "member_id": "joaralmj",
      "member_name": "운영자",
      "cnt_read": "28",
      "cnt_recom": "0",
      "cnt_comment": "0",
      "wdate": "1604279700",
      "created": "20201102101500",
      "kind": "",
      "sub_bbsid": ""
    },
    {
      "nid": "1000030",
      "title": "설정 제거",
      "content": "",
      "clipfile": "",
      "member_id": "joaralmj",
      "member_name": "운영자",
      "cnt_read": "7",
      "cnt_recom": "0",
      "cnt_comment": "0",
      "wdate": "1603413300",
      "created": "20201023093500",
      "kind": "",
      "sub_bbsid": ""
    }
  ]
}